individual,gender,mode,decision,dwell_time,incentive,congestion,alt,choice_id
3.0,2.0,MRT,1.0,0.0,0.0,1.0,leave,0
3.0,2.0,MRT,0.0,30.0,7.0,0.0,stay,0
4.0,1.0,MRT,1.0,0.0,0.0,1.0,leave,1
4.0,1.0,MRT,0.0,30.0,7.0,0.0,stay,1
5.0,2.0,MRT,1.0,0.0,0.0,1.0,leave,2
5.0,2.0,MRT,0.0,30.0,0.0,0.0,stay,2
5.0,2.0,MRT,1.0,30.0,3.0,0.0,stay,3
5.0,2.0,MRT,0.0,0.0,0.0,1.0,leave,3
5.0,2.0,MRT,1.0,30.0,7.0,0.0,stay,4
5.0,2.0,MRT,0.0,0.0,0.0,1.0,leave,4
5.0,2.0,MRT,1.0,45.0,7.0,0.0,stay,5
5.0,2.0,MRT,0.0,0.0,0.0,1.0,leave,5
5.0,2.0,MRT,1.0,0.0,0.0,1.0,leave,6
5.0,2.0,MRT,0.0,45.0,3.0,0.0,stay,6
5.0,2.0,MRT,1.0,0.0,0.0,1.0,leave,7
5.0,2.0,MRT,0.0,60.0,7.0,0.0,stay,7
7.0,1.0,MRT,1.0,0.0,0.0,1.0,leave,8
7.0,1.0,MRT,0.0,30.0,7.0,0.0,stay,8
8.0,2.0,MRT,1.0,0.0,0.0,1.0,leave,9
8.0,2.0,MRT,0.0,60.0,0.0,0.0,stay,9
8.0,2.0,MRT,1.0,30.0,3.0,0.0,stay,10
8.0,2.0,MRT,0.0,0.0,0.0,1.0,leave,10
8.0,2.0,MRT,1.0,45.0,3.0,0.0,stay,11
8.0,2.0,MRT,0.0,0.0,0.0,1.0,leave,11
8.0,2.0,MRT,1.0,60.0,3.0,0.0,stay,12
8.0,2.0,MRT,0.0,0.0,0.0,1.0,leave,12
8.0,2.0,MRT,1.0,30.0,7.0,0.0,stay,13
8.0,2.0,MRT,0.0,0.0,0.0,1.0,leave,13
8.0,2.0,MRT,1.0,45.0,7.0,0.0,stay,14
8.0,2.0,MRT,0.0,0.0,0.0,1.0,leave,14
8.0,2.0,MRT,1.0,60.0,7.0,0.0,stay,15
8.0,2.0,MRT,0.0,0.0,0.0,1.0,leave,15
8.0,2.0,MRT,1.0,0.0,0.0,1.0,leave,16
8.0,2.0,MRT,0.0,75.0,3.0,0.0,stay,16
8.0,2.0,MRT,1.0,0.0,0.0,1.0,leave,17
8.0,2.0,MRT,0.0,75.0,7.0,0.0,stay,17
9.0,1.0,MRT,1.0,0.0,0.0,1.0,leave,18
9.0,1.0,MRT,0.0,30.0,7.0,0.0,stay,18
16.0,2.0,MRT,1.0,0.0,0.0,1.0,leave,19
16.0,2.0,MRT,0.0,30.0,0.0,0.0,stay,19
16.0,2.0,MRT,1.0,30.0,3.0,0.0,stay,20
16.0,2.0,MRT,0.0,0.0,0.0,1.0,leave,20
16.0,2.0,MRT,1.0,30.0,7.0,0.0,stay,21
16.0,2.0,MRT,0.0,0.0,0.0,1.0,leave,21
16.0,2.0,MRT,1.0,45.0,7.0,0.0,stay,22
16.0,2.0,MRT,0.0,0.0,0.0,1.0,leave,22
16.0,2.0,MRT,1.0,60.0,7.0,0.0,stay,23
16.0,2.0,MRT,0.0,0.0,0.0,1.0,leave,23
16.0,2.0,MRT,1.0,0.0,0.0,1.0,leave,24
16.0,2.0,MRT,0.0,45.0,3.0,0.0,stay,24
16.0,2.0,MRT,1.0,0.0,0.0,1.0,leave,25
16.0,2.0,MRT,0.0,75.0,7.0,0.0,stay,25
17.0,1.0,MRT,1.0,0.0,0.0,1.0,leave,26
17.0,1.0,MRT,0.0,30.0,7.0,0.0,stay,26
18.0,2.0,MRT,1.0,0.0,0.0,1.0,leave,27
18.0,2.0,MRT,0.0,30.0,7.0,0.0,stay,27
21.0,1.0,MRT,1.0,0.0,0.0,1.0,leave,28
21.0,1.0,MRT,0.0,30.0,7.0,0.0,stay,28
24.0,1.0,MRT,1.0,0.0,0.0,1.0,leave,29
24.0,1.0,MRT,0.0,60.0,0.0,0.0,stay,29
24.0,1.0,MRT,1.0,0.0,0.0,1.0,leave,30
24.0,1.0,MRT,0.0,60.0,3.0,0.0,stay,30
24.0,1.0,MRT,1.0,30.0,7.0,0.0,stay,31
24.0,1.0,MRT,0.0,0.0,0.0,1.0,leave,31
24.0,1.0,MRT,1.0,45.0,7.0,0.0,stay,32
24.0,1.0,MRT,0.0,0.0,0.0,1.0,leave,32
24.0,1.0,MRT,1.0,60.0,7.0,0.0,stay,33
24.0,1.0,MRT,0.0,0.0,0.0,1.0,leave,33
24.0,1.0,MRT,1.0,0.0,0.0,1.0,leave,34
24.0,1.0,MRT,0.0,75.0,7.0,0.0,stay,34
25.0,2.0,MRT,1.0,0.0,0.0,1.0,leave,35
25.0,2.0,MRT,0.0,120.0,0.0,0.0,stay,35
25.0,2.0,MRT,1.0,0.0,0.0,1.0,leave,36
25.0,2.0,MRT,0.0,120.0,3.0,0.0,stay,36
25.0,2.0,MRT,1.0,30.0,7.0,0.0,stay,37
25.0,2.0,MRT,0.0,0.0,0.0,1.0,leave,37
25.0,2.0,MRT,1.0,45.0,7.0,0.0,stay,38
25.0,2.0,MRT,0.0,0.0,0.0,1.0,leave,38
25.0,2.0,MRT,1.0,60.0,7.0,0.0,stay,39
25.0,2.0,MRT,0.0,0.0,0.0,1.0,leave,39
25.0,2.0,MRT,1.0,75.0,7.0,0.0,stay,40
25.0,2.0,MRT,0.0,0.0,0.0,1.0,leave,40
25.0,2.0,MRT,1.0,90.0,7.0,0.0,stay,41
25.0,2.0,MRT,0.0,0.0,0.0,1.0,leave,41
25.0,2.0,MRT,1.0,105.0,7.0,0.0,stay,42
25.0,2.0,MRT,0.0,0.0,0.0,1.0,leave,42
25.0,2.0,MRT,1.0,120.0,7.0,0.0,stay,43
25.0,2.0,MRT,0.0,0.0,0.0,1.0,leave,43
25.0,2.0,MRT,1.0,0.0,0.0,1.0,leave,44
25.0,2.0,MRT,0.0,135.0,7.0,0.0,stay,44
26.0,2.0,MRT,1.0,0.0,0.0,1.0,leave,45
26.0,2.0,MRT,0.0,30.0,7.0,0.0,stay,45
27.0,2.0,MRT,1.0,0.0,0.0,1.0,leave,46
27.0,2.0,MRT,0.0,30.0,7.0,0.0,stay,46
29.0,1.0,MRT,1.0,0.0,0.0,1.0,leave,47
29.0,1.0,MRT,0.0,75.0,0.0,0.0,stay,47
29.0,1.0,MRT,1.0,0.0,0.0,1.0,leave,48
29.0,1.0,MRT,0.0,75.0,3.0,0.0,stay,48
29.0,1.0,MRT,1.0,30.0,7.0,0.0,stay,49
29.0,1.0,MRT,0.0,0.0,0.0,1.0,leave,49
29.0,1.0,MRT,1.0,45.0,7.0,0.0,stay,50
29.0,1.0,MRT,0.0,0.0,0.0,1.0,leave,50
29.0,1.0,MRT,1.0,60.0,7.0,0.0,stay,51
29.0,1.0,MRT,0.0,0.0,0.0,1.0,leave,51
29.0,1.0,MRT,1.0,75.0,7.0,0.0,stay,52
29.0,1.0,MRT,0.0,0.0,0.0,1.0,leave,52
29.0,1.0,MRT,1.0,0.0,0.0,1.0,leave,53
29.0,1.0,MRT,0.0,90.0,7.0,0.0,stay,53
31.0,2.0,MRT,1.0,0.0,0.0,1.0,leave,54
31.0,2.0,MRT,0.0,30.0,7.0,0.0,stay,54
32.0,1.0,MRT,1.0,0.0,0.0,1.0,leave,55
32.0,1.0,MRT,0.0,30.0,7.0,0.0,stay,55
33.0,1.0,MRT,1.0,0.0,0.0,1.0,leave,56
33.0,1.0,MRT,0.0,30.0,7.0,0.0,stay,56
34.0,1.0,MRT,1.0,0.0,0.0,1.0,leave,57
34.0,1.0,MRT,0.0,30.0,7.0,0.0,stay,57
35.0,1.0,MRT,1.0,0.0,0.0,1.0,leave,58
35.0,1.0,MRT,0.0,120.0,0.0,0.0,stay,58
35.0,1.0,MRT,1.0,0.0,0.0,1.0,leave,59
35.0,1.0,MRT,0.0,120.0,3.0,0.0,stay,59
35.0,1.0,MRT,1.0,30.0,7.0,0.0,stay,60
35.0,1.0,MRT,0.0,0.0,0.0,1.0,leave,60
35.0,1.0,MRT,1.0,45.0,7.0,0.0,stay,61
35.0,1.0,MRT,0.0,0.0,0.0,1.0,leave,61
35.0,1.0,MRT,1.0,60.0,7.0,0.0,stay,62
35.0,1.0,MRT,0.0,0.0,0.0,1.0,leave,62
35.0,1.0,MRT,1.0,75.0,7.0,0.0,stay,63
35.0,1.0,MRT,0.0,0.0,0.0,1.0,leave,63
35.0,1.0,MRT,1.0,90.0,7.0,0.0,stay,64
35.0,1.0,MRT,0.0,0.0,0.0,1.0,leave,64
35.0,1.0,MRT,1.0,105.0,7.0,0.0,stay,65
35.0,1.0,MRT,0.0,0.0,0.0,1.0,leave,65
35.0,1.0,MRT,1.0,120.0,7.0,0.0,stay,66
35.0,1.0,MRT,0.0,0.0,0.0,1.0,leave,66
35.0,1.0,MRT,1.0,0.0,0.0,1.0,leave,67
35.0,1.0,MRT,0.0,135.0,7.0,0.0,stay,67
36.0,2.0,MRT,1.0,0.0,0.0,1.0,leave,68
36.0,2.0,MRT,0.0,30.0,7.0,0.0,stay,68
37.0,1.0,MRT,1.0,0.0,0.0,1.0,leave,69
37.0,1.0,MRT,0.0,15.0,0.0,0.0,stay,69
37.0,1.0,MRT,1.0,30.0,7.0,0.0,stay,70
37.0,1.0,MRT,0.0,0.0,0.0,1.0,leave,70
37.0,1.0,MRT,1.0,0.0,0.0,1.0,leave,71
37.0,1.0,MRT,0.0,30.0,3.0,0.0,stay,71
37.0,1.0,MRT,1.0,0.0,0.0,1.0,leave,72
37.0,1.0,MRT,0.0,45.0,7.0,0.0,stay,72
39.0,2.0,MRT,1.0,0.0,0.0,1.0,leave,73
39.0,2.0,MRT,0.0,30.0,7.0,0.0,stay,73
40.0,2.0,MRT,1.0,0.0,0.0,1.0,leave,74
40.0,2.0,MRT,0.0,30.0,7.0,0.0,stay,74
41.0,2.0,MRT,1.0,0.0,0.0,1.0,leave,75
41.0,2.0,MRT,0.0,30.0,7.0,0.0,stay,75
42.0,2.0,MRT,1.0,30.0,0.0,0.0,stay,76
42.0,2.0,MRT,0.0,0.0,0.0,1.0,leave,76
42.0,2.0,MRT,1.0,45.0,0.0,0.0,stay,77
42.0,2.0,MRT,0.0,0.0,0.0,1.0,leave,77
42.0,2.0,MRT,1.0,60.0,0.0,0.0,stay,78
42.0,2.0,MRT,0.0,0.0,0.0,1.0,leave,78
42.0,2.0,MRT,1.0,30.0,3.0,0.0,stay,79
42.0,2.0,MRT,0.0,0.0,0.0,1.0,leave,79
42.0,2.0,MRT,1.0,45.0,3.0,0.0,stay,80
42.0,2.0,MRT,0.0,0.0,0.0,1.0,leave,80
42.0,2.0,MRT,1.0,60.0,3.0,0.0,stay,81
42.0,2.0,MRT,0.0,0.0,0.0,1.0,leave,81
42.0,2.0,MRT,1.0,75.0,3.0,0.0,stay,82
42.0,2.0,MRT,0.0,0.0,0.0,1.0,leave,82
42.0,2.0,MRT,1.0,90.0,3.0,0.0,stay,83
42.0,2.0,MRT,0.0,0.0,0.0,1.0,leave,83
42.0,2.0,MRT,1.0,30.0,7.0,0.0,stay,84
42.0,2.0,MRT,0.0,0.0,0.0,1.0,leave,84
42.0,2.0,MRT,1.0,45.0,7.0,0.0,stay,85
42.0,2.0,MRT,0.0,0.0,0.0,1.0,leave,85
42.0,2.0,MRT,1.0,60.0,7.0,0.0,stay,86
42.0,2.0,MRT,0.0,0.0,0.0,1.0,leave,86
42.0,2.0,MRT,1.0,75.0,7.0,0.0,stay,87
42.0,2.0,MRT,0.0,0.0,0.0,1.0,leave,87
42.0,2.0,MRT,1.0,90.0,7.0,0.0,stay,88
42.0,2.0,MRT,0.0,0.0,0.0,1.0,leave,88
42.0,2.0,MRT,1.0,105.0,7.0,0.0,stay,89
42.0,2.0,MRT,0.0,0.0,0.0,1.0,leave,89
42.0,2.0,MRT,1.0,120.0,7.0,0.0,stay,90
42.0,2.0,MRT,0.0,0.0,0.0,1.0,leave,90
42.0,2.0,MRT,1.0,0.0,0.0,1.0,leave,91
42.0,2.0,MRT,0.0,75.0,0.0,0.0,stay,91
42.0,2.0,MRT,1.0,0.0,0.0,1.0,leave,92
42.0,2.0,MRT,0.0,105.0,3.0,0.0,stay,92
42.0,2.0,MRT,1.0,0.0,0.0,1.0,leave,93
42.0,2.0,MRT,0.0,135.0,7.0,0.0,stay,93
46.0,2.0,MRT,1.0,0.0,0.0,1.0,leave,94
46.0,2.0,MRT,0.0,30.0,7.0,0.0,stay,94
48.0,2.0,MRT,1.0,0.0,0.0,1.0,leave,95
48.0,2.0,MRT,0.0,30.0,7.0,0.0,stay,95
51.0,2.0,MRT,1.0,0.0,0.0,1.0,leave,96
51.0,2.0,MRT,0.0,30.0,7.0,0.0,stay,96
52.0,2.0,MRT,1.0,0.0,0.0,1.0,leave,97
52.0,2.0,MRT,0.0,30.0,7.0,0.0,stay,97
53.0,2.0,MRT,1.0,0.0,0.0,1.0,leave,98
53.0,2.0,MRT,0.0,30.0,0.0,0.0,stay,98
53.0,2.0,MRT,1.0,30.0,3.0,0.0,stay,99
53.0,2.0,MRT,0.0,0.0,0.0,1.0,leave,99
53.0,2.0,MRT,1.0,30.0,7.0,0.0,stay,100
53.0,2.0,MRT,0.0,0.0,0.0,1.0,leave,100
53.0,2.0,MRT,1.0,0.0,0.0,1.0,leave,101
53.0,2.0,MRT,0.0,45.0,3.0,0.0,stay,101
53.0,2.0,MRT,1.0,0.0,0.0,1.0,leave,102
53.0,2.0,MRT,0.0,45.0,7.0,0.0,stay,102
54.0,1.0,MRT,1.0,0.0,0.0,1.0,leave,103
54.0,1.0,MRT,0.0,30.0,7.0,0.0,stay,103
55.0,1.0,MRT,1.0,0.0,0.0,1.0,leave,104
55.0,1.0,MRT,0.0,30.0,7.0,0.0,stay,104
56.0,2.0,MRT,1.0,0.0,0.0,1.0,leave,105
56.0,2.0,MRT,0.0,60.0,0.0,0.0,stay,105
56.0,2.0,MRT,1.0,0.0,0.0,1.0,leave,106
56.0,2.0,MRT,0.0,60.0,3.0,0.0,stay,106
56.0,2.0,MRT,1.0,30.0,7.0,0.0,stay,107
56.0,2.0,MRT,0.0,0.0,0.0,1.0,leave,107
56.0,2.0,MRT,1.0,45.0,7.0,0.0,stay,108
56.0,2.0,MRT,0.0,0.0,0.0,1.0,leave,108
56.0,2.0,MRT,1.0,60.0,7.0,0.0,stay,109
56.0,2.0,MRT,0.0,0.0,0.0,1.0,leave,109
56.0,2.0,MRT,1.0,0.0,0.0,1.0,leave,110
56.0,2.0,MRT,0.0,75.0,7.0,0.0,stay,110
60.0,1.0,MRT,1.0,0.0,0.0,1.0,leave,111
60.0,1.0,MRT,0.0,30.0,7.0,0.0,stay,111
61.0,2.0,MRT,1.0,0.0,0.0,1.0,leave,112
61.0,2.0,MRT,0.0,30.0,0.0,0.0,stay,112
61.0,2.0,MRT,1.0,30.0,3.0,0.0,stay,113
61.0,2.0,MRT,0.0,0.0,0.0,1.0,leave,113
61.0,2.0,MRT,1.0,30.0,7.0,0.0,stay,114
61.0,2.0,MRT,0.0,0.0,0.0,1.0,leave,114
61.0,2.0,MRT,1.0,0.0,0.0,1.0,leave,115
61.0,2.0,MRT,0.0,45.0,3.0,0.0,stay,115
61.0,2.0,MRT,1.0,0.0,0.0,1.0,leave,116
61.0,2.0,MRT,0.0,45.0,7.0,0.0,stay,116
63.0,2.0,MRT,1.0,0.0,0.0,1.0,leave,117
63.0,2.0,MRT,0.0,30.0,7.0,0.0,stay,117
64.0,1.0,MRT,1.0,0.0,0.0,1.0,leave,118
64.0,1.0,MRT,0.0,30.0,0.0,0.0,stay,118
64.0,1.0,MRT,1.0,0.0,0.0,1.0,leave,119
64.0,1.0,MRT,0.0,30.0,3.0,0.0,stay,119
64.0,1.0,MRT,1.0,30.0,7.0,0.0,stay,120
64.0,1.0,MRT,0.0,0.0,0.0,1.0,leave,120
64.0,1.0,MRT,1.0,0.0,0.0,1.0,leave,121
64.0,1.0,MRT,0.0,45.0,7.0,0.0,stay,121
69.0,2.0,MRT,1.0,0.0,0.0,1.0,leave,122
69.0,2.0,MRT,0.0,90.0,0.0,0.0,stay,122
69.0,2.0,MRT,1.0,0.0,0.0,1.0,leave,123
69.0,2.0,MRT,0.0,90.0,3.0,0.0,stay,123
69.0,2.0,MRT,1.0,30.0,7.0,0.0,stay,124
69.0,2.0,MRT,0.0,0.0,0.0,1.0,leave,124
69.0,2.0,MRT,1.0,45.0,7.0,0.0,stay,125
69.0,2.0,MRT,0.0,0.0,0.0,1.0,leave,125
69.0,2.0,MRT,1.0,60.0,7.0,0.0,stay,126
69.0,2.0,MRT,0.0,0.0,0.0,1.0,leave,126
69.0,2.0,MRT,1.0,75.0,7.0,0.0,stay,127
69.0,2.0,MRT,0.0,0.0,0.0,1.0,leave,127
69.0,2.0,MRT,1.0,90.0,7.0,0.0,stay,128
69.0,2.0,MRT,0.0,0.0,0.0,1.0,leave,128
69.0,2.0,MRT,1.0,0.0,0.0,1.0,leave,129
69.0,2.0,MRT,0.0,105.0,7.0,0.0,stay,129
70.0,2.0,MRT,1.0,0.0,0.0,1.0,leave,130
70.0,2.0,MRT,0.0,30.0,7.0,0.0,stay,130
71.0,2.0,MRT,1.0,0.0,0.0,1.0,leave,131
71.0,2.0,MRT,0.0,30.0,7.0,0.0,stay,131
72.0,2.0,MRT,1.0,0.0,0.0,1.0,leave,132
72.0,2.0,MRT,0.0,30.0,7.0,0.0,stay,132
75.0,1.0,MRT,1.0,30.0,0.0,0.0,stay,133
75.0,1.0,MRT,0.0,0.0,0.0,1.0,leave,133
75.0,1.0,MRT,1.0,45.0,0.0,0.0,stay,134
75.0,1.0,MRT,0.0,0.0,0.0,1.0,leave,134
75.0,1.0,MRT,1.0,60.0,0.0,0.0,stay,135
75.0,1.0,MRT,0.0,0.0,0.0,1.0,leave,135
75.0,1.0,MRT,1.0,30.0,3.0,0.0,stay,136
75.0,1.0,MRT,0.0,0.0,0.0,1.0,leave,136
75.0,1.0,MRT,1.0,45.0,3.0,0.0,stay,137
75.0,1.0,MRT,0.0,0.0,0.0,1.0,leave,137
75.0,1.0,MRT,1.0,60.0,3.0,0.0,stay,138
75.0,1.0,MRT,0.0,0.0,0.0,1.0,leave,138
75.0,1.0,MRT,1.0,30.0,7.0,0.0,stay,139
75.0,1.0,MRT,0.0,0.0,0.0,1.0,leave,139
75.0,1.0,MRT,1.0,45.0,7.0,0.0,stay,140
75.0,1.0,MRT,0.0,0.0,0.0,1.0,leave,140
75.0,1.0,MRT,1.0,60.0,7.0,0.0,stay,141
75.0,1.0,MRT,0.0,0.0,0.0,1.0,leave,141
75.0,1.0,MRT,1.0,0.0,0.0,1.0,leave,142
75.0,1.0,MRT,0.0,75.0,0.0,0.0,stay,142
75.0,1.0,MRT,1.0,0.0,0.0,1.0,leave,143
75.0,1.0,MRT,0.0,75.0,3.0,0.0,stay,143
75.0,1.0,MRT,1.0,0.0,0.0,1.0,leave,144
75.0,1.0,MRT,0.0,75.0,7.0,0.0,stay,144
76.0,2.0,MRT,1.0,0.0,0.0,1.0,leave,145
76.0,2.0,MRT,0.0,30.0,7.0,0.0,stay,145
78.0,1.0,MRT,1.0,0.0,0.0,1.0,leave,146
78.0,1.0,MRT,0.0,30.0,7.0,0.0,stay,146
80.0,2.0,MRT,1.0,0.0,0.0,1.0,leave,147
80.0,2.0,MRT,0.0,30.0,7.0,0.0,stay,147
85.0,1.0,MRT,1.0,0.0,0.0,1.0,leave,148
85.0,1.0,MRT,0.0,30.0,7.0,0.0,stay,148
86.0,1.0,MRT,1.0,0.0,0.0,1.0,leave,149
86.0,1.0,MRT,0.0,30.0,7.0,0.0,stay,149
87.0,2.0,MRT,1.0,0.0,0.0,1.0,leave,150
87.0,2.0,MRT,0.0,30.0,7.0,0.0,stay,150
88.0,2.0,MRT,1.0,0.0,0.0,1.0,leave,151
88.0,2.0,MRT,0.0,30.0,7.0,0.0,stay,151
91.0,2.0,MRT,1.0,0.0,0.0,1.0,leave,152
91.0,2.0,MRT,0.0,30.0,7.0,0.0,stay,152
95.0,2.0,MRT,1.0,0.0,0.0,1.0,leave,153
95.0,2.0,MRT,0.0,30.0,7.0,0.0,stay,153
97.0,2.0,MRT,1.0,0.0,0.0,1.0,leave,154
97.0,2.0,MRT,0.0,30.0,7.0,0.0,stay,154
98.0,1.0,MRT,1.0,0.0,0.0,1.0,leave,155
98.0,1.0,MRT,0.0,30.0,7.0,0.0,stay,155
102.0,2.0,MRT,1.0,0.0,0.0,1.0,leave,156
102.0,2.0,MRT,0.0,15.0,0.0,0.0,stay,156
102.0,2.0,MRT,1.0,0.0,0.0,1.0,leave,157
102.0,2.0,MRT,0.0,15.0,3.0,0.0,stay,157
102.0,2.0,MRT,1.0,0.0,0.0,1.0,leave,158
102.0,2.0,MRT,0.0,30.0,7.0,0.0,stay,158
103.0,2.0,MRT,1.0,0.0,0.0,1.0,leave,159
103.0,2.0,MRT,0.0,30.0,7.0,0.0,stay,159
109.0,2.0,MRT,1.0,0.0,0.0,1.0,leave,160
109.0,2.0,MRT,0.0,30.0,7.0,0.0,stay,160
111.0,2.0,MRT,1.0,0.0,0.0,1.0,leave,161
111.0,2.0,MRT,0.0,30.0,0.0,0.0,stay,161
111.0,2.0,MRT,1.0,30.0,3.0,0.0,stay,162
111.0,2.0,MRT,0.0,0.0,0.0,1.0,leave,162
111.0,2.0,MRT,1.0,30.0,7.0,0.0,stay,163
111.0,2.0,MRT,0.0,0.0,0.0,1.0,leave,163
111.0,2.0,MRT,1.0,0.0,0.0,1.0,leave,164
111.0,2.0,MRT,0.0,45.0,3.0,0.0,stay,164
111.0,2.0,MRT,1.0,0.0,0.0,1.0,leave,165
111.0,2.0,MRT,0.0,45.0,7.0,0.0,stay,165
115.0,2.0,MRT,1.0,0.0,0.0,1.0,leave,166
115.0,2.0,MRT,0.0,30.0,7.0,0.0,stay,166
116.0,2.0,MRT,1.0,0.0,0.0,1.0,leave,167
116.0,2.0,MRT,0.0,30.0,0.0,0.0,stay,167
116.0,2.0,MRT,1.0,0.0,0.0,1.0,leave,168
116.0,2.0,MRT,0.0,30.0,3.0,0.0,stay,168
116.0,2.0,MRT,1.0,30.0,7.0,0.0,stay,169
116.0,2.0,MRT,0.0,0.0,0.0,1.0,leave,169
116.0,2.0,MRT,1.0,0.0,0.0,1.0,leave,170
116.0,2.0,MRT,0.0,45.0,7.0,0.0,stay,170
117.0,2.0,MRT,1.0,0.0,0.0,1.0,leave,171
117.0,2.0,MRT,0.0,30.0,7.0,0.0,stay,171
118.0,2.0,MRT,1.0,0.0,0.0,1.0,leave,172
118.0,2.0,MRT,0.0,30.0,0.0,0.0,stay,172
118.0,2.0,MRT,1.0,30.0,3.0,0.0,stay,173
118.0,2.0,MRT,0.0,0.0,0.0,1.0,leave,173
118.0,2.0,MRT,1.0,30.0,7.0,0.0,stay,174
118.0,2.0,MRT,0.0,0.0,0.0,1.0,leave,174
118.0,2.0,MRT,1.0,45.0,7.0,0.0,stay,175
118.0,2.0,MRT,0.0,0.0,0.0,1.0,leave,175
118.0,2.0,MRT,1.0,0.0,0.0,1.0,leave,176
118.0,2.0,MRT,0.0,45.0,3.0,0.0,stay,176
118.0,2.0,MRT,1.0,0.0,0.0,1.0,leave,177
118.0,2.0,MRT,0.0,60.0,7.0,0.0,stay,177
119.0,2.0,MRT,1.0,0.0,0.0,1.0,leave,178
119.0,2.0,MRT,0.0,30.0,7.0,0.0,stay,178
121.0,1.0,MRT,1.0,0.0,0.0,1.0,leave,179
121.0,1.0,MRT,0.0,30.0,7.0,0.0,stay,179
122.0,2.0,MRT,1.0,0.0,0.0,1.0,leave,180
122.0,2.0,MRT,0.0,30.0,7.0,0.0,stay,180
124.0,2.0,MRT,1.0,0.0,0.0,1.0,leave,181
124.0,2.0,MRT,0.0,30.0,7.0,0.0,stay,181
125.0,2.0,MRT,1.0,0.0,0.0,1.0,leave,182
125.0,2.0,MRT,0.0,30.0,0.0,0.0,stay,182
125.0,2.0,MRT,1.0,0.0,0.0,1.0,leave,183
125.0,2.0,MRT,0.0,30.0,3.0,0.0,stay,183
125.0,2.0,MRT,1.0,30.0,7.0,0.0,stay,184
125.0,2.0,MRT,0.0,0.0,0.0,1.0,leave,184
125.0,2.0,MRT,1.0,0.0,0.0,1.0,leave,185
125.0,2.0,MRT,0.0,45.0,7.0,0.0,stay,185
127.0,2.0,MRT,1.0,0.0,0.0,1.0,leave,186
127.0,2.0,MRT,0.0,15.0,0.0,0.0,stay,186
127.0,2.0,MRT,1.0,30.0,7.0,0.0,stay,187
127.0,2.0,MRT,0.0,0.0,0.0,1.0,leave,187
127.0,2.0,MRT,1.0,0.0,0.0,1.0,leave,188
127.0,2.0,MRT,0.0,30.0,3.0,0.0,stay,188
127.0,2.0,MRT,1.0,0.0,0.0,1.0,leave,189
127.0,2.0,MRT,0.0,45.0,7.0,0.0,stay,189
129.0,2.0,MRT,1.0,0.0,0.0,1.0,leave,190
129.0,2.0,MRT,0.0,30.0,7.0,0.0,stay,190
133.0,1.0,MRT,1.0,0.0,0.0,1.0,leave,191
133.0,1.0,MRT,0.0,30.0,7.0,0.0,stay,191
140.0,1.0,MRT,1.0,0.0,0.0,1.0,leave,192
140.0,1.0,MRT,0.0,30.0,7.0,0.0,stay,192
141.0,2.0,MRT,1.0,0.0,0.0,1.0,leave,193
141.0,2.0,MRT,0.0,30.0,7.0,0.0,stay,193
144.0,1.0,MRT,1.0,0.0,0.0,1.0,leave,194
144.0,1.0,MRT,0.0,30.0,7.0,0.0,stay,194
145.0,2.0,MRT,1.0,0.0,0.0,1.0,leave,195
145.0,2.0,MRT,0.0,30.0,7.0,0.0,stay,195
147.0,1.0,MRT,1.0,0.0,0.0,1.0,leave,196
147.0,1.0,MRT,0.0,30.0,0.0,0.0,stay,196
147.0,1.0,MRT,1.0,30.0,3.0,0.0,stay,197
147.0,1.0,MRT,0.0,0.0,0.0,1.0,leave,197
147.0,1.0,MRT,1.0,30.0,7.0,0.0,stay,198
147.0,1.0,MRT,0.0,0.0,0.0,1.0,leave,198
147.0,1.0,MRT,1.0,0.0,0.0,1.0,leave,199
147.0,1.0,MRT,0.0,45.0,3.0,0.0,stay,199
147.0,1.0,MRT,1.0,0.0,0.0,1.0,leave,200
147.0,1.0,MRT,0.0,45.0,7.0,0.0,stay,200
152.0,1.0,MRT,1.0,0.0,0.0,1.0,leave,201
152.0,1.0,MRT,0.0,30.0,7.0,0.0,stay,201
156.0,1.0,MRT,1.0,0.0,0.0,1.0,leave,202
156.0,1.0,MRT,0.0,30.0,0.0,0.0,stay,202
156.0,1.0,MRT,1.0,0.0,0.0,1.0,leave,203
156.0,1.0,MRT,0.0,30.0,3.0,0.0,stay,203
156.0,1.0,MRT,1.0,30.0,7.0,0.0,stay,204
156.0,1.0,MRT,0.0,0.0,0.0,1.0,leave,204
156.0,1.0,MRT,1.0,0.0,0.0,1.0,leave,205
156.0,1.0,MRT,0.0,45.0,7.0,0.0,stay,205
158.0,2.0,MRT,1.0,0.0,0.0,1.0,leave,206
158.0,2.0,MRT,0.0,30.0,7.0,0.0,stay,206
160.0,1.0,MRT,1.0,0.0,0.0,1.0,leave,207
160.0,1.0,MRT,0.0,30.0,7.0,0.0,stay,207
167.0,2.0,MRT,1.0,0.0,0.0,1.0,leave,208
167.0,2.0,MRT,0.0,30.0,7.0,0.0,stay,208
170.0,2.0,MRT,1.0,0.0,0.0,1.0,leave,209
170.0,2.0,MRT,0.0,30.0,7.0,0.0,stay,209
173.0,2.0,MRT,1.0,0.0,0.0,1.0,leave,210
173.0,2.0,MRT,0.0,30.0,7.0,0.0,stay,210
174.0,2.0,MRT,1.0,0.0,0.0,1.0,leave,211
174.0,2.0,MRT,0.0,30.0,7.0,0.0,stay,211
177.0,2.0,MRT,1.0,0.0,0.0,1.0,leave,212
177.0,2.0,MRT,0.0,30.0,7.0,0.0,stay,212
178.0,2.0,MRT,1.0,0.0,0.0,1.0,leave,213
178.0,2.0,MRT,0.0,30.0,7.0,0.0,stay,213
180.0,2.0,MRT,1.0,0.0,0.0,1.0,leave,214
180.0,2.0,MRT,0.0,15.0,0.0,0.0,stay,214
180.0,2.0,MRT,1.0,30.0,7.0,0.0,stay,215
180.0,2.0,MRT,0.0,0.0,0.0,1.0,leave,215
180.0,2.0,MRT,1.0,0.0,0.0,1.0,leave,216
180.0,2.0,MRT,0.0,30.0,3.0,0.0,stay,216
180.0,2.0,MRT,1.0,0.0,0.0,1.0,leave,217
180.0,2.0,MRT,0.0,45.0,7.0,0.0,stay,217
183.0,1.0,MRT,1.0,0.0,0.0,1.0,leave,218
183.0,1.0,MRT,0.0,30.0,7.0,0.0,stay,218
185.0,2.0,MRT,1.0,0.0,0.0,1.0,leave,219
185.0,2.0,MRT,0.0,30.0,0.0,0.0,stay,219
185.0,2.0,MRT,1.0,0.0,0.0,1.0,leave,220
185.0,2.0,MRT,0.0,30.0,3.0,0.0,stay,220
185.0,2.0,MRT,1.0,0.0,0.0,1.0,leave,221
185.0,2.0,MRT,0.0,30.0,7.0,0.0,stay,221
188.0,2.0,MRT,1.0,0.0,0.0,1.0,leave,222
188.0,2.0,MRT,0.0,30.0,0.0,0.0,stay,222
188.0,2.0,MRT,1.0,0.0,0.0,1.0,leave,223
188.0,2.0,MRT,0.0,30.0,3.0,0.0,stay,223
188.0,2.0,MRT,1.0,30.0,7.0,0.0,stay,224
188.0,2.0,MRT,0.0,0.0,0.0,1.0,leave,224
188.0,2.0,MRT,1.0,0.0,0.0,1.0,leave,225
188.0,2.0,MRT,0.0,45.0,7.0,0.0,stay,225
198.0,1.0,MRT,1.0,0.0,0.0,1.0,leave,226
198.0,1.0,MRT,0.0,30.0,7.0,0.0,stay,226
199.0,2.0,MRT,1.0,0.0,0.0,1.0,leave,227
199.0,2.0,MRT,0.0,30.0,7.0,0.0,stay,227
3.0,2.0,MRT,1.0,0.0,0.0,2.0,leave,228
3.0,2.0,MRT,0.0,30.0,10.0,0.0,stay,228
4.0,1.0,MRT,1.0,30.0,0.0,0.0,stay,229
4.0,1.0,MRT,0.0,0.0,0.0,2.0,leave,229
4.0,1.0,MRT,1.0,45.0,0.0,0.0,stay,230
4.0,1.0,MRT,0.0,0.0,0.0,2.0,leave,230
4.0,1.0,MRT,1.0,60.0,0.0,0.0,stay,231
4.0,1.0,MRT,0.0,0.0,0.0,2.0,leave,231
4.0,1.0,MRT,1.0,30.0,5.0,0.0,stay,232
4.0,1.0,MRT,0.0,0.0,0.0,2.0,leave,232
4.0,1.0,MRT,1.0,45.0,5.0,0.0,stay,233
4.0,1.0,MRT,0.0,0.0,0.0,2.0,leave,233
4.0,1.0,MRT,1.0,60.0,5.0,0.0,stay,234
4.0,1.0,MRT,0.0,0.0,0.0,2.0,leave,234
4.0,1.0,MRT,1.0,30.0,10.0,0.0,stay,235
4.0,1.0,MRT,0.0,0.0,0.0,2.0,leave,235
4.0,1.0,MRT,1.0,45.0,10.0,0.0,stay,236
4.0,1.0,MRT,0.0,0.0,0.0,2.0,leave,236
4.0,1.0,MRT,1.0,60.0,10.0,0.0,stay,237
4.0,1.0,MRT,0.0,0.0,0.0,2.0,leave,237
4.0,1.0,MRT,1.0,75.0,10.0,0.0,stay,238
4.0,1.0,MRT,0.0,0.0,0.0,2.0,leave,238
4.0,1.0,MRT,1.0,0.0,0.0,2.0,leave,239
4.0,1.0,MRT,0.0,75.0,0.0,0.0,stay,239
4.0,1.0,MRT,1.0,0.0,0.0,2.0,leave,240
4.0,1.0,MRT,0.0,75.0,5.0,0.0,stay,240
4.0,1.0,MRT,1.0,0.0,0.0,2.0,leave,241
4.0,1.0,MRT,0.0,90.0,10.0,0.0,stay,241
5.0,2.0,MRT,1.0,0.0,0.0,2.0,leave,242
5.0,2.0,MRT,0.0,30.0,0.0,0.0,stay,242
5.0,2.0,MRT,1.0,30.0,5.0,0.0,stay,243
5.0,2.0,MRT,0.0,0.0,0.0,2.0,leave,243
5.0,2.0,MRT,1.0,30.0,10.0,0.0,stay,244
5.0,2.0,MRT,0.0,0.0,0.0,2.0,leave,244
5.0,2.0,MRT,1.0,45.0,10.0,0.0,stay,245
5.0,2.0,MRT,0.0,0.0,0.0,2.0,leave,245
5.0,2.0,MRT,1.0,60.0,10.0,0.0,stay,246
5.0,2.0,MRT,0.0,0.0,0.0,2.0,leave,246
5.0,2.0,MRT,1.0,0.0,0.0,2.0,leave,247
5.0,2.0,MRT,0.0,45.0,5.0,0.0,stay,247
5.0,2.0,MRT,1.0,0.0,0.0,2.0,leave,248
5.0,2.0,MRT,0.0,75.0,10.0,0.0,stay,248
7.0,1.0,MRT,1.0,0.0,0.0,2.0,leave,249
7.0,1.0,MRT,0.0,30.0,0.0,0.0,stay,249
7.0,1.0,MRT,1.0,0.0,0.0,2.0,leave,250
7.0,1.0,MRT,0.0,30.0,5.0,0.0,stay,250
7.0,1.0,MRT,1.0,0.0,0.0,2.0,leave,251
7.0,1.0,MRT,0.0,30.0,10.0,0.0,stay,251
8.0,2.0,MRT,1.0,0.0,0.0,2.0,leave,252
8.0,2.0,MRT,0.0,120.0,0.0,0.0,stay,252
8.0,2.0,MRT,1.0,30.0,5.0,0.0,stay,253
8.0,2.0,MRT,0.0,0.0,0.0,2.0,leave,253
8.0,2.0,MRT,1.0,45.0,5.0,0.0,stay,254
8.0,2.0,MRT,0.0,0.0,0.0,2.0,leave,254
8.0,2.0,MRT,1.0,60.0,5.0,0.0,stay,255
8.0,2.0,MRT,0.0,0.0,0.0,2.0,leave,255
8.0,2.0,MRT,1.0,75.0,5.0,0.0,stay,256
8.0,2.0,MRT,0.0,0.0,0.0,2.0,leave,256
8.0,2.0,MRT,1.0,90.0,5.0,0.0,stay,257
8.0,2.0,MRT,0.0,0.0,0.0,2.0,leave,257
8.0,2.0,MRT,1.0,105.0,5.0,0.0,stay,258
8.0,2.0,MRT,0.0,0.0,0.0,2.0,leave,258
8.0,2.0,MRT,1.0,120.0,5.0,0.0,stay,259
8.0,2.0,MRT,0.0,0.0,0.0,2.0,leave,259
8.0,2.0,MRT,1.0,30.0,10.0,0.0,stay,260
8.0,2.0,MRT,0.0,0.0,0.0,2.0,leave,260
8.0,2.0,MRT,1.0,45.0,10.0,0.0,stay,261
8.0,2.0,MRT,0.0,0.0,0.0,2.0,leave,261
8.0,2.0,MRT,1.0,60.0,10.0,0.0,stay,262
8.0,2.0,MRT,0.0,0.0,0.0,2.0,leave,262
8.0,2.0,MRT,1.0,75.0,10.0,0.0,stay,263
8.0,2.0,MRT,0.0,0.0,0.0,2.0,leave,263
8.0,2.0,MRT,1.0,90.0,10.0,0.0,stay,264
8.0,2.0,MRT,0.0,0.0,0.0,2.0,leave,264
8.0,2.0,MRT,1.0,105.0,10.0,0.0,stay,265
8.0,2.0,MRT,0.0,0.0,0.0,2.0,leave,265
8.0,2.0,MRT,1.0,120.0,10.0,0.0,stay,266
8.0,2.0,MRT,0.0,0.0,0.0,2.0,leave,266
8.0,2.0,MRT,1.0,0.0,0.0,2.0,leave,267
8.0,2.0,MRT,0.0,135.0,5.0,0.0,stay,267
8.0,2.0,MRT,1.0,0.0,0.0,2.0,leave,268
8.0,2.0,MRT,0.0,135.0,10.0,0.0,stay,268
9.0,1.0,MRT,1.0,0.0,0.0,2.0,leave,269
9.0,1.0,MRT,0.0,30.0,10.0,0.0,stay,269
16.0,2.0,MRT,1.0,30.0,0.0,0.0,stay,270
16.0,2.0,MRT,0.0,0.0,0.0,2.0,leave,270
16.0,2.0,MRT,1.0,30.0,5.0,0.0,stay,271
16.0,2.0,MRT,0.0,0.0,0.0,2.0,leave,271
16.0,2.0,MRT,1.0,45.0,5.0,0.0,stay,272
16.0,2.0,MRT,0.0,0.0,0.0,2.0,leave,272
16.0,2.0,MRT,1.0,60.0,5.0,0.0,stay,273
16.0,2.0,MRT,0.0,0.0,0.0,2.0,leave,273
16.0,2.0,MRT,1.0,30.0,10.0,0.0,stay,274
16.0,2.0,MRT,0.0,0.0,0.0,2.0,leave,274
16.0,2.0,MRT,1.0,45.0,10.0,0.0,stay,275
16.0,2.0,MRT,0.0,0.0,0.0,2.0,leave,275
16.0,2.0,MRT,1.0,60.0,10.0,0.0,stay,276
16.0,2.0,MRT,0.0,0.0,0.0,2.0,leave,276
16.0,2.0,MRT,1.0,75.0,10.0,0.0,stay,277
16.0,2.0,MRT,0.0,0.0,0.0,2.0,leave,277
16.0,2.0,MRT,1.0,90.0,10.0,0.0,stay,278
16.0,2.0,MRT,0.0,0.0,0.0,2.0,leave,278
16.0,2.0,MRT,1.0,105.0,10.0,0.0,stay,279
16.0,2.0,MRT,0.0,0.0,0.0,2.0,leave,279
16.0,2.0,MRT,1.0,120.0,10.0,0.0,stay,280
16.0,2.0,MRT,0.0,0.0,0.0,2.0,leave,280
16.0,2.0,MRT,1.0,0.0,0.0,2.0,leave,281
16.0,2.0,MRT,0.0,45.0,0.0,0.0,stay,281
16.0,2.0,MRT,1.0,0.0,0.0,2.0,leave,282
16.0,2.0,MRT,0.0,75.0,5.0,0.0,stay,282
16.0,2.0,MRT,1.0,0.0,0.0,2.0,leave,283
16.0,2.0,MRT,0.0,135.0,10.0,0.0,stay,283
17.0,1.0,MRT,1.0,30.0,0.0,0.0,stay,284
17.0,1.0,MRT,0.0,0.0,0.0,2.0,leave,284
17.0,1.0,MRT,1.0,45.0,0.0,0.0,stay,285
17.0,1.0,MRT,0.0,0.0,0.0,2.0,leave,285
17.0,1.0,MRT,1.0,60.0,0.0,0.0,stay,286
17.0,1.0,MRT,0.0,0.0,0.0,2.0,leave,286
17.0,1.0,MRT,1.0,30.0,5.0,0.0,stay,287
17.0,1.0,MRT,0.0,0.0,0.0,2.0,leave,287
17.0,1.0,MRT,1.0,45.0,5.0,0.0,stay,288
17.0,1.0,MRT,0.0,0.0,0.0,2.0,leave,288
17.0,1.0,MRT,1.0,60.0,5.0,0.0,stay,289
17.0,1.0,MRT,0.0,0.0,0.0,2.0,leave,289
17.0,1.0,MRT,1.0,30.0,10.0,0.0,stay,290
17.0,1.0,MRT,0.0,0.0,0.0,2.0,leave,290
17.0,1.0,MRT,1.0,45.0,10.0,0.0,stay,291
17.0,1.0,MRT,0.0,0.0,0.0,2.0,leave,291
17.0,1.0,MRT,1.0,60.0,10.0,0.0,stay,292
17.0,1.0,MRT,0.0,0.0,0.0,2.0,leave,292
17.0,1.0,MRT,1.0,0.0,0.0,2.0,leave,293
17.0,1.0,MRT,0.0,75.0,0.0,0.0,stay,293
17.0,1.0,MRT,1.0,0.0,0.0,2.0,leave,294
17.0,1.0,MRT,0.0,75.0,5.0,0.0,stay,294
17.0,1.0,MRT,1.0,0.0,0.0,2.0,leave,295
17.0,1.0,MRT,0.0,75.0,10.0,0.0,stay,295
18.0,2.0,MRT,1.0,30.0,0.0,0.0,stay,296
18.0,2.0,MRT,0.0,0.0,0.0,2.0,leave,296
18.0,2.0,MRT,1.0,45.0,0.0,0.0,stay,297
18.0,2.0,MRT,0.0,0.0,0.0,2.0,leave,297
18.0,2.0,MRT,1.0,30.0,5.0,0.0,stay,298
18.0,2.0,MRT,0.0,0.0,0.0,2.0,leave,298
18.0,2.0,MRT,1.0,45.0,5.0,0.0,stay,299
18.0,2.0,MRT,0.0,0.0,0.0,2.0,leave,299
18.0,2.0,MRT,1.0,30.0,10.0,0.0,stay,300
18.0,2.0,MRT,0.0,0.0,0.0,2.0,leave,300
18.0,2.0,MRT,1.0,45.0,10.0,0.0,stay,301
18.0,2.0,MRT,0.0,0.0,0.0,2.0,leave,301
18.0,2.0,MRT,1.0,0.0,0.0,2.0,leave,302
18.0,2.0,MRT,0.0,60.0,0.0,0.0,stay,302
18.0,2.0,MRT,1.0,0.0,0.0,2.0,leave,303
18.0,2.0,MRT,0.0,60.0,5.0,0.0,stay,303
18.0,2.0,MRT,1.0,0.0,0.0,2.0,leave,304
18.0,2.0,MRT,0.0,60.0,10.0,0.0,stay,304
21.0,1.0,MRT,1.0,0.0,0.0,2.0,leave,305
21.0,1.0,MRT,0.0,30.0,10.0,0.0,stay,305
24.0,1.0,MRT,1.0,0.0,0.0,2.0,leave,306
24.0,1.0,MRT,0.0,60.0,0.0,0.0,stay,306
24.0,1.0,MRT,1.0,30.0,5.0,0.0,stay,307
24.0,1.0,MRT,0.0,0.0,0.0,2.0,leave,307
24.0,1.0,MRT,1.0,45.0,5.0,0.0,stay,308
24.0,1.0,MRT,0.0,0.0,0.0,2.0,leave,308
24.0,1.0,MRT,1.0,60.0,5.0,0.0,stay,309
24.0,1.0,MRT,0.0,0.0,0.0,2.0,leave,309
24.0,1.0,MRT,1.0,30.0,10.0,0.0,stay,310
24.0,1.0,MRT,0.0,0.0,0.0,2.0,leave,310
24.0,1.0,MRT,1.0,45.0,10.0,0.0,stay,311
24.0,1.0,MRT,0.0,0.0,0.0,2.0,leave,311
24.0,1.0,MRT,1.0,60.0,10.0,0.0,stay,312
24.0,1.0,MRT,0.0,0.0,0.0,2.0,leave,312
24.0,1.0,MRT,1.0,75.0,10.0,0.0,stay,313
24.0,1.0,MRT,0.0,0.0,0.0,2.0,leave,313
24.0,1.0,MRT,1.0,90.0,10.0,0.0,stay,314
24.0,1.0,MRT,0.0,0.0,0.0,2.0,leave,314
24.0,1.0,MRT,1.0,105.0,10.0,0.0,stay,315
24.0,1.0,MRT,0.0,0.0,0.0,2.0,leave,315
24.0,1.0,MRT,1.0,0.0,0.0,2.0,leave,316
24.0,1.0,MRT,0.0,75.0,5.0,0.0,stay,316
24.0,1.0,MRT,1.0,0.0,0.0,2.0,leave,317
24.0,1.0,MRT,0.0,120.0,10.0,0.0,stay,317
25.0,2.0,MRT,1.0,0.0,0.0,2.0,leave,318
25.0,2.0,MRT,0.0,120.0,0.0,0.0,stay,318
25.0,2.0,MRT,1.0,0.0,0.0,2.0,leave,319
25.0,2.0,MRT,0.0,120.0,5.0,0.0,stay,319
25.0,2.0,MRT,1.0,30.0,10.0,0.0,stay,320
25.0,2.0,MRT,0.0,0.0,0.0,2.0,leave,320
25.0,2.0,MRT,1.0,45.0,10.0,0.0,stay,321
25.0,2.0,MRT,0.0,0.0,0.0,2.0,leave,321
25.0,2.0,MRT,1.0,60.0,10.0,0.0,stay,322
25.0,2.0,MRT,0.0,0.0,0.0,2.0,leave,322
25.0,2.0,MRT,1.0,75.0,10.0,0.0,stay,323
25.0,2.0,MRT,0.0,0.0,0.0,2.0,leave,323
25.0,2.0,MRT,1.0,90.0,10.0,0.0,stay,324
25.0,2.0,MRT,0.0,0.0,0.0,2.0,leave,324
25.0,2.0,MRT,1.0,105.0,10.0,0.0,stay,325
25.0,2.0,MRT,0.0,0.0,0.0,2.0,leave,325
25.0,2.0,MRT,1.0,120.0,10.0,0.0,stay,326
25.0,2.0,MRT,0.0,0.0,0.0,2.0,leave,326
25.0,2.0,MRT,1.0,0.0,0.0,2.0,leave,327
25.0,2.0,MRT,0.0,135.0,10.0,0.0,stay,327
26.0,2.0,MRT,1.0,0.0,0.0,2.0,leave,328
26.0,2.0,MRT,0.0,30.0,10.0,0.0,stay,328
27.0,2.0,MRT,1.0,0.0,0.0,2.0,leave,329
27.0,2.0,MRT,0.0,30.0,10.0,0.0,stay,329
29.0,1.0,MRT,1.0,0.0,0.0,2.0,leave,330
29.0,1.0,MRT,0.0,75.0,0.0,0.0,stay,330
29.0,1.0,MRT,1.0,30.0,5.0,0.0,stay,331
29.0,1.0,MRT,0.0,0.0,0.0,2.0,leave,331
29.0,1.0,MRT,1.0,45.0,5.0,0.0,stay,332
29.0,1.0,MRT,0.0,0.0,0.0,2.0,leave,332
29.0,1.0,MRT,1.0,60.0,5.0,0.0,stay,333
29.0,1.0,MRT,0.0,0.0,0.0,2.0,leave,333
29.0,1.0,MRT,1.0,75.0,5.0,0.0,stay,334
29.0,1.0,MRT,0.0,0.0,0.0,2.0,leave,334
29.0,1.0,MRT,1.0,30.0,10.0,0.0,stay,335
29.0,1.0,MRT,0.0,0.0,0.0,2.0,leave,335
29.0,1.0,MRT,1.0,45.0,10.0,0.0,stay,336
29.0,1.0,MRT,0.0,0.0,0.0,2.0,leave,336
29.0,1.0,MRT,1.0,60.0,10.0,0.0,stay,337
29.0,1.0,MRT,0.0,0.0,0.0,2.0,leave,337
29.0,1.0,MRT,1.0,75.0,10.0,0.0,stay,338
29.0,1.0,MRT,0.0,0.0,0.0,2.0,leave,338
29.0,1.0,MRT,1.0,0.0,0.0,2.0,leave,339
29.0,1.0,MRT,0.0,90.0,5.0,0.0,stay,339
29.0,1.0,MRT,1.0,0.0,0.0,2.0,leave,340
29.0,1.0,MRT,0.0,90.0,10.0,0.0,stay,340
31.0,2.0,MRT,1.0,0.0,0.0,2.0,leave,341
31.0,2.0,MRT,0.0,60.0,0.0,0.0,stay,341
31.0,2.0,MRT,1.0,0.0,0.0,2.0,leave,342
31.0,2.0,MRT,0.0,60.0,5.0,0.0,stay,342
31.0,2.0,MRT,1.0,30.0,10.0,0.0,stay,343
31.0,2.0,MRT,0.0,0.0,0.0,2.0,leave,343
31.0,2.0,MRT,1.0,45.0,10.0,0.0,stay,344
31.0,2.0,MRT,0.0,0.0,0.0,2.0,leave,344
31.0,2.0,MRT,1.0,60.0,10.0,0.0,stay,345
31.0,2.0,MRT,0.0,0.0,0.0,2.0,leave,345
31.0,2.0,MRT,1.0,0.0,0.0,2.0,leave,346
31.0,2.0,MRT,0.0,75.0,10.0,0.0,stay,346
32.0,1.0,MRT,1.0,30.0,0.0,0.0,stay,347
32.0,1.0,MRT,0.0,0.0,0.0,2.0,leave,347
32.0,1.0,MRT,1.0,30.0,5.0,0.0,stay,348
32.0,1.0,MRT,0.0,0.0,0.0,2.0,leave,348
32.0,1.0,MRT,1.0,30.0,10.0,0.0,stay,349
32.0,1.0,MRT,0.0,0.0,0.0,2.0,leave,349
32.0,1.0,MRT,1.0,0.0,0.0,2.0,leave,350
32.0,1.0,MRT,0.0,45.0,0.0,0.0,stay,350
32.0,1.0,MRT,1.0,0.0,0.0,2.0,leave,351
32.0,1.0,MRT,0.0,45.0,5.0,0.0,stay,351
32.0,1.0,MRT,1.0,0.0,0.0,2.0,leave,352
32.0,1.0,MRT,0.0,45.0,10.0,0.0,stay,352
33.0,1.0,MRT,1.0,0.0,0.0,2.0,leave,353
33.0,1.0,MRT,0.0,30.0,10.0,0.0,stay,353
34.0,1.0,MRT,1.0,0.0,0.0,2.0,leave,354
34.0,1.0,MRT,0.0,30.0,0.0,0.0,stay,354
34.0,1.0,MRT,1.0,0.0,0.0,2.0,leave,355
34.0,1.0,MRT,0.0,30.0,5.0,0.0,stay,355
34.0,1.0,MRT,1.0,30.0,10.0,0.0,stay,356
34.0,1.0,MRT,0.0,0.0,0.0,2.0,leave,356
34.0,1.0,MRT,1.0,0.0,0.0,2.0,leave,357
34.0,1.0,MRT,0.0,45.0,10.0,0.0,stay,357
35.0,1.0,MRT,1.0,30.0,0.0,0.0,stay,358
35.0,1.0,MRT,0.0,0.0,0.0,2.0,leave,358
35.0,1.0,MRT,1.0,45.0,0.0,0.0,stay,359
35.0,1.0,MRT,0.0,0.0,0.0,2.0,leave,359
35.0,1.0,MRT,1.0,60.0,0.0,0.0,stay,360
35.0,1.0,MRT,0.0,0.0,0.0,2.0,leave,360
35.0,1.0,MRT,1.0,30.0,5.0,0.0,stay,361
35.0,1.0,MRT,0.0,0.0,0.0,2.0,leave,361
35.0,1.0,MRT,1.0,45.0,5.0,0.0,stay,362
35.0,1.0,MRT,0.0,0.0,0.0,2.0,leave,362
35.0,1.0,MRT,1.0,60.0,5.0,0.0,stay,363
35.0,1.0,MRT,0.0,0.0,0.0,2.0,leave,363
35.0,1.0,MRT,1.0,75.0,5.0,0.0,stay,364
35.0,1.0,MRT,0.0,0.0,0.0,2.0,leave,364
35.0,1.0,MRT,1.0,90.0,5.0,0.0,stay,365
35.0,1.0,MRT,0.0,0.0,0.0,2.0,leave,365
35.0,1.0,MRT,1.0,105.0,5.0,0.0,stay,366
35.0,1.0,MRT,0.0,0.0,0.0,2.0,leave,366
35.0,1.0,MRT,1.0,120.0,5.0,0.0,stay,367
35.0,1.0,MRT,0.0,0.0,0.0,2.0,leave,367
35.0,1.0,MRT,1.0,135.0,5.0,0.0,stay,368
35.0,1.0,MRT,0.0,0.0,0.0,2.0,leave,368
35.0,1.0,MRT,1.0,150.0,5.0,0.0,stay,369
35.0,1.0,MRT,0.0,0.0,0.0,2.0,leave,369
35.0,1.0,MRT,1.0,165.0,5.0,0.0,stay,370
35.0,1.0,MRT,0.0,0.0,0.0,2.0,leave,370
35.0,1.0,MRT,1.0,180.0,5.0,0.0,stay,371
35.0,1.0,MRT,0.0,0.0,0.0,2.0,leave,371
35.0,1.0,MRT,1.0,30.0,10.0,0.0,stay,372
35.0,1.0,MRT,0.0,0.0,0.0,2.0,leave,372
35.0,1.0,MRT,1.0,45.0,10.0,0.0,stay,373
35.0,1.0,MRT,0.0,0.0,0.0,2.0,leave,373
35.0,1.0,MRT,1.0,60.0,10.0,0.0,stay,374
35.0,1.0,MRT,0.0,0.0,0.0,2.0,leave,374
35.0,1.0,MRT,1.0,75.0,10.0,0.0,stay,375
35.0,1.0,MRT,0.0,0.0,0.0,2.0,leave,375
35.0,1.0,MRT,1.0,90.0,10.0,0.0,stay,376
35.0,1.0,MRT,0.0,0.0,0.0,2.0,leave,376
35.0,1.0,MRT,1.0,105.0,10.0,0.0,stay,377
35.0,1.0,MRT,0.0,0.0,0.0,2.0,leave,377
35.0,1.0,MRT,1.0,120.0,10.0,0.0,stay,378
35.0,1.0,MRT,0.0,0.0,0.0,2.0,leave,378
35.0,1.0,MRT,1.0,135.0,10.0,0.0,stay,379
35.0,1.0,MRT,0.0,0.0,0.0,2.0,leave,379
35.0,1.0,MRT,1.0,150.0,10.0,0.0,stay,380
35.0,1.0,MRT,0.0,0.0,0.0,2.0,leave,380
35.0,1.0,MRT,1.0,165.0,10.0,0.0,stay,381
35.0,1.0,MRT,0.0,0.0,0.0,2.0,leave,381
35.0,1.0,MRT,1.0,180.0,10.0,0.0,stay,382
35.0,1.0,MRT,0.0,0.0,0.0,2.0,leave,382
35.0,1.0,MRT,1.0,0.0,0.0,2.0,leave,383
35.0,1.0,MRT,0.0,75.0,0.0,0.0,stay,383
35.0,1.0,MRT,1.0,0.0,0.0,2.0,leave,384
35.0,1.0,MRT,0.0,195.0,5.0,0.0,stay,384
35.0,1.0,MRT,1.0,0.0,0.0,2.0,leave,385
35.0,1.0,MRT,0.0,195.0,10.0,0.0,stay,385
36.0,2.0,MRT,1.0,0.0,0.0,2.0,leave,386
36.0,2.0,MRT,0.0,30.0,10.0,0.0,stay,386
37.0,1.0,MRT,1.0,0.0,0.0,2.0,leave,387
37.0,1.0,MRT,0.0,30.0,0.0,0.0,stay,387
37.0,1.0,MRT,1.0,30.0,5.0,0.0,stay,388
37.0,1.0,MRT,0.0,0.0,0.0,2.0,leave,388
37.0,1.0,MRT,1.0,30.0,10.0,0.0,stay,389
37.0,1.0,MRT,0.0,0.0,0.0,2.0,leave,389
37.0,1.0,MRT,1.0,0.0,0.0,2.0,leave,390
37.0,1.0,MRT,0.0,45.0,5.0,0.0,stay,390
37.0,1.0,MRT,1.0,0.0,0.0,2.0,leave,391
37.0,1.0,MRT,0.0,45.0,10.0,0.0,stay,391
39.0,2.0,MRT,1.0,0.0,0.0,2.0,leave,392
39.0,2.0,MRT,0.0,30.0,10.0,0.0,stay,392
40.0,2.0,MRT,1.0,0.0,0.0,2.0,leave,393
40.0,2.0,MRT,0.0,30.0,10.0,0.0,stay,393
41.0,2.0,MRT,1.0,0.0,0.0,2.0,leave,394
41.0,2.0,MRT,0.0,30.0,10.0,0.0,stay,394
42.0,2.0,MRT,1.0,30.0,0.0,0.0,stay,395
42.0,2.0,MRT,0.0,0.0,0.0,2.0,leave,395
42.0,2.0,MRT,1.0,45.0,0.0,0.0,stay,396
42.0,2.0,MRT,0.0,0.0,0.0,2.0,leave,396
42.0,2.0,MRT,1.0,60.0,0.0,0.0,stay,397
42.0,2.0,MRT,0.0,0.0,0.0,2.0,leave,397
42.0,2.0,MRT,1.0,30.0,5.0,0.0,stay,398
42.0,2.0,MRT,0.0,0.0,0.0,2.0,leave,398
42.0,2.0,MRT,1.0,45.0,5.0,0.0,stay,399
42.0,2.0,MRT,0.0,0.0,0.0,2.0,leave,399
42.0,2.0,MRT,1.0,60.0,5.0,0.0,stay,400
42.0,2.0,MRT,0.0,0.0,0.0,2.0,leave,400
42.0,2.0,MRT,1.0,75.0,5.0,0.0,stay,401
42.0,2.0,MRT,0.0,0.0,0.0,2.0,leave,401
42.0,2.0,MRT,1.0,90.0,5.0,0.0,stay,402
42.0,2.0,MRT,0.0,0.0,0.0,2.0,leave,402
42.0,2.0,MRT,1.0,30.0,10.0,0.0,stay,403
42.0,2.0,MRT,0.0,0.0,0.0,2.0,leave,403
42.0,2.0,MRT,1.0,45.0,10.0,0.0,stay,404
42.0,2.0,MRT,0.0,0.0,0.0,2.0,leave,404
42.0,2.0,MRT,1.0,60.0,10.0,0.0,stay,405
42.0,2.0,MRT,0.0,0.0,0.0,2.0,leave,405
42.0,2.0,MRT,1.0,75.0,10.0,0.0,stay,406
42.0,2.0,MRT,0.0,0.0,0.0,2.0,leave,406
42.0,2.0,MRT,1.0,90.0,10.0,0.0,stay,407
42.0,2.0,MRT,0.0,0.0,0.0,2.0,leave,407
42.0,2.0,MRT,1.0,105.0,10.0,0.0,stay,408
42.0,2.0,MRT,0.0,0.0,0.0,2.0,leave,408
42.0,2.0,MRT,1.0,120.0,10.0,0.0,stay,409
42.0,2.0,MRT,0.0,0.0,0.0,2.0,leave,409
42.0,2.0,MRT,1.0,0.0,0.0,2.0,leave,410
42.0,2.0,MRT,0.0,75.0,0.0,0.0,stay,410
42.0,2.0,MRT,1.0,0.0,0.0,2.0,leave,411
42.0,2.0,MRT,0.0,105.0,5.0,0.0,stay,411
42.0,2.0,MRT,1.0,0.0,0.0,2.0,leave,412
42.0,2.0,MRT,0.0,135.0,10.0,0.0,stay,412
46.0,2.0,MRT,1.0,30.0,0.0,0.0,stay,413
46.0,2.0,MRT,0.0,0.0,0.0,2.0,leave,413
46.0,2.0,MRT,1.0,45.0,0.0,0.0,stay,414
46.0,2.0,MRT,0.0,0.0,0.0,2.0,leave,414
46.0,2.0,MRT,1.0,60.0,0.0,0.0,stay,415
46.0,2.0,MRT,0.0,0.0,0.0,2.0,leave,415
46.0,2.0,MRT,1.0,30.0,5.0,0.0,stay,416
46.0,2.0,MRT,0.0,0.0,0.0,2.0,leave,416
46.0,2.0,MRT,1.0,45.0,5.0,0.0,stay,417
46.0,2.0,MRT,0.0,0.0,0.0,2.0,leave,417
46.0,2.0,MRT,1.0,60.0,5.0,0.0,stay,418
46.0,2.0,MRT,0.0,0.0,0.0,2.0,leave,418
46.0,2.0,MRT,1.0,30.0,10.0,0.0,stay,419
46.0,2.0,MRT,0.0,0.0,0.0,2.0,leave,419
46.0,2.0,MRT,1.0,45.0,10.0,0.0,stay,420
46.0,2.0,MRT,0.0,0.0,0.0,2.0,leave,420
46.0,2.0,MRT,1.0,60.0,10.0,0.0,stay,421
46.0,2.0,MRT,0.0,0.0,0.0,2.0,leave,421
46.0,2.0,MRT,1.0,0.0,0.0,2.0,leave,422
46.0,2.0,MRT,0.0,75.0,0.0,0.0,stay,422
46.0,2.0,MRT,1.0,0.0,0.0,2.0,leave,423
46.0,2.0,MRT,0.0,75.0,5.0,0.0,stay,423
46.0,2.0,MRT,1.0,0.0,0.0,2.0,leave,424
46.0,2.0,MRT,0.0,75.0,10.0,0.0,stay,424
48.0,2.0,MRT,1.0,0.0,0.0,2.0,leave,425
48.0,2.0,MRT,0.0,30.0,10.0,0.0,stay,425
51.0,2.0,MRT,1.0,0.0,0.0,2.0,leave,426
51.0,2.0,MRT,0.0,45.0,0.0,0.0,stay,426
51.0,2.0,MRT,1.0,0.0,0.0,2.0,leave,427
51.0,2.0,MRT,0.0,45.0,5.0,0.0,stay,427
51.0,2.0,MRT,1.0,30.0,10.0,0.0,stay,428
51.0,2.0,MRT,0.0,0.0,0.0,2.0,leave,428
51.0,2.0,MRT,1.0,45.0,10.0,0.0,stay,429
51.0,2.0,MRT,0.0,0.0,0.0,2.0,leave,429
51.0,2.0,MRT,1.0,0.0,0.0,2.0,leave,430
51.0,2.0,MRT,0.0,60.0,10.0,0.0,stay,430
52.0,2.0,MRT,1.0,0.0,0.0,2.0,leave,431
52.0,2.0,MRT,0.0,30.0,10.0,0.0,stay,431
53.0,2.0,MRT,1.0,30.0,0.0,0.0,stay,432
53.0,2.0,MRT,0.0,0.0,0.0,2.0,leave,432
53.0,2.0,MRT,1.0,45.0,0.0,0.0,stay,433
53.0,2.0,MRT,0.0,0.0,0.0,2.0,leave,433
53.0,2.0,MRT,1.0,60.0,0.0,0.0,stay,434
53.0,2.0,MRT,0.0,0.0,0.0,2.0,leave,434
53.0,2.0,MRT,1.0,30.0,5.0,0.0,stay,435
53.0,2.0,MRT,0.0,0.0,0.0,2.0,leave,435
53.0,2.0,MRT,1.0,45.0,5.0,0.0,stay,436
53.0,2.0,MRT,0.0,0.0,0.0,2.0,leave,436
53.0,2.0,MRT,1.0,60.0,5.0,0.0,stay,437
53.0,2.0,MRT,0.0,0.0,0.0,2.0,leave,437
53.0,2.0,MRT,1.0,30.0,10.0,0.0,stay,438
53.0,2.0,MRT,0.0,0.0,0.0,2.0,leave,438
53.0,2.0,MRT,1.0,45.0,10.0,0.0,stay,439
53.0,2.0,MRT,0.0,0.0,0.0,2.0,leave,439
53.0,2.0,MRT,1.0,60.0,10.0,0.0,stay,440
53.0,2.0,MRT,0.0,0.0,0.0,2.0,leave,440
53.0,2.0,MRT,1.0,75.0,10.0,0.0,stay,441
53.0,2.0,MRT,0.0,0.0,0.0,2.0,leave,441
53.0,2.0,MRT,1.0,0.0,0.0,2.0,leave,442
53.0,2.0,MRT,0.0,75.0,0.0,0.0,stay,442
53.0,2.0,MRT,1.0,0.0,0.0,2.0,leave,443
53.0,2.0,MRT,0.0,75.0,5.0,0.0,stay,443
53.0,2.0,MRT,1.0,0.0,0.0,2.0,leave,444
53.0,2.0,MRT,0.0,90.0,10.0,0.0,stay,444
54.0,1.0,MRT,1.0,0.0,0.0,2.0,leave,445
54.0,1.0,MRT,0.0,60.0,0.0,0.0,stay,445
54.0,1.0,MRT,1.0,0.0,0.0,2.0,leave,446
54.0,1.0,MRT,0.0,60.0,5.0,0.0,stay,446
54.0,1.0,MRT,1.0,30.0,10.0,0.0,stay,447
54.0,1.0,MRT,0.0,0.0,0.0,2.0,leave,447
54.0,1.0,MRT,1.0,45.0,10.0,0.0,stay,448
54.0,1.0,MRT,0.0,0.0,0.0,2.0,leave,448
54.0,1.0,MRT,1.0,60.0,10.0,0.0,stay,449
54.0,1.0,MRT,0.0,0.0,0.0,2.0,leave,449
54.0,1.0,MRT,1.0,0.0,0.0,2.0,leave,450
54.0,1.0,MRT,0.0,75.0,10.0,0.0,stay,450
55.0,1.0,MRT,1.0,0.0,0.0,2.0,leave,451
55.0,1.0,MRT,0.0,30.0,10.0,0.0,stay,451
56.0,2.0,MRT,1.0,30.0,0.0,0.0,stay,452
56.0,2.0,MRT,0.0,0.0,0.0,2.0,leave,452
56.0,2.0,MRT,1.0,45.0,0.0,0.0,stay,453
56.0,2.0,MRT,0.0,0.0,0.0,2.0,leave,453
56.0,2.0,MRT,1.0,60.0,0.0,0.0,stay,454
56.0,2.0,MRT,0.0,0.0,0.0,2.0,leave,454
56.0,2.0,MRT,1.0,30.0,5.0,0.0,stay,455
56.0,2.0,MRT,0.0,0.0,0.0,2.0,leave,455
56.0,2.0,MRT,1.0,45.0,5.0,0.0,stay,456
56.0,2.0,MRT,0.0,0.0,0.0,2.0,leave,456
56.0,2.0,MRT,1.0,60.0,5.0,0.0,stay,457
56.0,2.0,MRT,0.0,0.0,0.0,2.0,leave,457
56.0,2.0,MRT,1.0,30.0,10.0,0.0,stay,458
56.0,2.0,MRT,0.0,0.0,0.0,2.0,leave,458
56.0,2.0,MRT,1.0,45.0,10.0,0.0,stay,459
56.0,2.0,MRT,0.0,0.0,0.0,2.0,leave,459
56.0,2.0,MRT,1.0,60.0,10.0,0.0,stay,460
56.0,2.0,MRT,0.0,0.0,0.0,2.0,leave,460
56.0,2.0,MRT,1.0,75.0,10.0,0.0,stay,461
56.0,2.0,MRT,0.0,0.0,0.0,2.0,leave,461
56.0,2.0,MRT,1.0,90.0,10.0,0.0,stay,462
56.0,2.0,MRT,0.0,0.0,0.0,2.0,leave,462
56.0,2.0,MRT,1.0,0.0,0.0,2.0,leave,463
56.0,2.0,MRT,0.0,75.0,0.0,0.0,stay,463
56.0,2.0,MRT,1.0,0.0,0.0,2.0,leave,464
56.0,2.0,MRT,0.0,75.0,5.0,0.0,stay,464
56.0,2.0,MRT,1.0,0.0,0.0,2.0,leave,465
56.0,2.0,MRT,0.0,105.0,10.0,0.0,stay,465
60.0,1.0,MRT,1.0,0.0,0.0,2.0,leave,466
60.0,1.0,MRT,0.0,30.0,10.0,0.0,stay,466
61.0,2.0,MRT,1.0,0.0,0.0,2.0,leave,467
61.0,2.0,MRT,0.0,30.0,0.0,0.0,stay,467
61.0,2.0,MRT,1.0,30.0,5.0,0.0,stay,468
61.0,2.0,MRT,0.0,0.0,0.0,2.0,leave,468
61.0,2.0,MRT,1.0,30.0,10.0,0.0,stay,469
61.0,2.0,MRT,0.0,0.0,0.0,2.0,leave,469
61.0,2.0,MRT,1.0,0.0,0.0,2.0,leave,470
61.0,2.0,MRT,0.0,45.0,5.0,0.0,stay,470
61.0,2.0,MRT,1.0,0.0,0.0,2.0,leave,471
61.0,2.0,MRT,0.0,45.0,10.0,0.0,stay,471
63.0,2.0,MRT,1.0,0.0,0.0,2.0,leave,472
63.0,2.0,MRT,0.0,60.0,0.0,0.0,stay,472
63.0,2.0,MRT,1.0,0.0,0.0,2.0,leave,473
63.0,2.0,MRT,0.0,60.0,5.0,0.0,stay,473
63.0,2.0,MRT,1.0,30.0,10.0,0.0,stay,474
63.0,2.0,MRT,0.0,0.0,0.0,2.0,leave,474
63.0,2.0,MRT,1.0,45.0,10.0,0.0,stay,475
63.0,2.0,MRT,0.0,0.0,0.0,2.0,leave,475
63.0,2.0,MRT,1.0,60.0,10.0,0.0,stay,476
63.0,2.0,MRT,0.0,0.0,0.0,2.0,leave,476
63.0,2.0,MRT,1.0,0.0,0.0,2.0,leave,477
63.0,2.0,MRT,0.0,75.0,10.0,0.0,stay,477
64.0,1.0,MRT,1.0,30.0,5.0,0.0,stay,478
64.0,1.0,MRT,0.0,0.0,0.0,2.0,leave,478
64.0,1.0,MRT,1.0,30.0,10.0,0.0,stay,479
64.0,1.0,MRT,0.0,0.0,0.0,2.0,leave,479
64.0,1.0,MRT,1.0,45.0,10.0,0.0,stay,480
64.0,1.0,MRT,0.0,0.0,0.0,2.0,leave,480
64.0,1.0,MRT,1.0,60.0,10.0,0.0,stay,481
64.0,1.0,MRT,0.0,0.0,0.0,2.0,leave,481
64.0,1.0,MRT,1.0,0.0,0.0,2.0,leave,482
64.0,1.0,MRT,0.0,30.0,0.0,0.0,stay,482
64.0,1.0,MRT,1.0,0.0,0.0,2.0,leave,483
64.0,1.0,MRT,0.0,45.0,5.0,0.0,stay,483
64.0,1.0,MRT,1.0,0.0,0.0,2.0,leave,484
64.0,1.0,MRT,0.0,75.0,10.0,0.0,stay,484
69.0,2.0,MRT,1.0,30.0,0.0,0.0,stay,485
69.0,2.0,MRT,0.0,0.0,0.0,2.0,leave,485
69.0,2.0,MRT,1.0,45.0,0.0,0.0,stay,486
69.0,2.0,MRT,0.0,0.0,0.0,2.0,leave,486
69.0,2.0,MRT,1.0,60.0,0.0,0.0,stay,487
69.0,2.0,MRT,0.0,0.0,0.0,2.0,leave,487
69.0,2.0,MRT,1.0,30.0,5.0,0.0,stay,488
69.0,2.0,MRT,0.0,0.0,0.0,2.0,leave,488
69.0,2.0,MRT,1.0,45.0,5.0,0.0,stay,489
69.0,2.0,MRT,0.0,0.0,0.0,2.0,leave,489
69.0,2.0,MRT,1.0,60.0,5.0,0.0,stay,490
69.0,2.0,MRT,0.0,0.0,0.0,2.0,leave,490
69.0,2.0,MRT,1.0,75.0,5.0,0.0,stay,491
69.0,2.0,MRT,0.0,0.0,0.0,2.0,leave,491
69.0,2.0,MRT,1.0,90.0,5.0,0.0,stay,492
69.0,2.0,MRT,0.0,0.0,0.0,2.0,leave,492
69.0,2.0,MRT,1.0,30.0,10.0,0.0,stay,493
69.0,2.0,MRT,0.0,0.0,0.0,2.0,leave,493
69.0,2.0,MRT,1.0,45.0,10.0,0.0,stay,494
69.0,2.0,MRT,0.0,0.0,0.0,2.0,leave,494
69.0,2.0,MRT,1.0,60.0,10.0,0.0,stay,495
69.0,2.0,MRT,0.0,0.0,0.0,2.0,leave,495
69.0,2.0,MRT,1.0,75.0,10.0,0.0,stay,496
69.0,2.0,MRT,0.0,0.0,0.0,2.0,leave,496
69.0,2.0,MRT,1.0,90.0,10.0,0.0,stay,497
69.0,2.0,MRT,0.0,0.0,0.0,2.0,leave,497
69.0,2.0,MRT,1.0,105.0,10.0,0.0,stay,498
69.0,2.0,MRT,0.0,0.0,0.0,2.0,leave,498
69.0,2.0,MRT,1.0,120.0,10.0,0.0,stay,499
69.0,2.0,MRT,0.0,0.0,0.0,2.0,leave,499
69.0,2.0,MRT,1.0,0.0,0.0,2.0,leave,500
69.0,2.0,MRT,0.0,75.0,0.0,0.0,stay,500
69.0,2.0,MRT,1.0,0.0,0.0,2.0,leave,501
69.0,2.0,MRT,0.0,105.0,5.0,0.0,stay,501
69.0,2.0,MRT,1.0,0.0,0.0,2.0,leave,502
69.0,2.0,MRT,0.0,135.0,10.0,0.0,stay,502
70.0,2.0,MRT,1.0,0.0,0.0,2.0,leave,503
70.0,2.0,MRT,0.0,30.0,10.0,0.0,stay,503
71.0,2.0,MRT,1.0,30.0,0.0,0.0,stay,504
71.0,2.0,MRT,0.0,0.0,0.0,2.0,leave,504
71.0,2.0,MRT,1.0,45.0,0.0,0.0,stay,505
71.0,2.0,MRT,0.0,0.0,0.0,2.0,leave,505
71.0,2.0,MRT,1.0,60.0,0.0,0.0,stay,506
71.0,2.0,MRT,0.0,0.0,0.0,2.0,leave,506
71.0,2.0,MRT,1.0,30.0,5.0,0.0,stay,507
71.0,2.0,MRT,0.0,0.0,0.0,2.0,leave,507
71.0,2.0,MRT,1.0,45.0,5.0,0.0,stay,508
71.0,2.0,MRT,0.0,0.0,0.0,2.0,leave,508
71.0,2.0,MRT,1.0,60.0,5.0,0.0,stay,509
71.0,2.0,MRT,0.0,0.0,0.0,2.0,leave,509
71.0,2.0,MRT,1.0,30.0,10.0,0.0,stay,510
71.0,2.0,MRT,0.0,0.0,0.0,2.0,leave,510
71.0,2.0,MRT,1.0,45.0,10.0,0.0,stay,511
71.0,2.0,MRT,0.0,0.0,0.0,2.0,leave,511
71.0,2.0,MRT,1.0,60.0,10.0,0.0,stay,512
71.0,2.0,MRT,0.0,0.0,0.0,2.0,leave,512
71.0,2.0,MRT,1.0,0.0,0.0,2.0,leave,513
71.0,2.0,MRT,0.0,75.0,0.0,0.0,stay,513
71.0,2.0,MRT,1.0,0.0,0.0,2.0,leave,514
71.0,2.0,MRT,0.0,75.0,5.0,0.0,stay,514
71.0,2.0,MRT,1.0,0.0,0.0,2.0,leave,515
71.0,2.0,MRT,0.0,75.0,10.0,0.0,stay,515
72.0,2.0,MRT,1.0,0.0,0.0,2.0,leave,516
72.0,2.0,MRT,0.0,30.0,10.0,0.0,stay,516
75.0,1.0,MRT,1.0,30.0,0.0,0.0,stay,517
75.0,1.0,MRT,0.0,0.0,0.0,2.0,leave,517
75.0,1.0,MRT,1.0,45.0,0.0,0.0,stay,518
75.0,1.0,MRT,0.0,0.0,0.0,2.0,leave,518
75.0,1.0,MRT,1.0,60.0,0.0,0.0,stay,519
75.0,1.0,MRT,0.0,0.0,0.0,2.0,leave,519
75.0,1.0,MRT,1.0,30.0,5.0,0.0,stay,520
75.0,1.0,MRT,0.0,0.0,0.0,2.0,leave,520
75.0,1.0,MRT,1.0,45.0,5.0,0.0,stay,521
75.0,1.0,MRT,0.0,0.0,0.0,2.0,leave,521
75.0,1.0,MRT,1.0,60.0,5.0,0.0,stay,522
75.0,1.0,MRT,0.0,0.0,0.0,2.0,leave,522
75.0,1.0,MRT,1.0,30.0,10.0,0.0,stay,523
75.0,1.0,MRT,0.0,0.0,0.0,2.0,leave,523
75.0,1.0,MRT,1.0,45.0,10.0,0.0,stay,524
75.0,1.0,MRT,0.0,0.0,0.0,2.0,leave,524
75.0,1.0,MRT,1.0,60.0,10.0,0.0,stay,525
75.0,1.0,MRT,0.0,0.0,0.0,2.0,leave,525
75.0,1.0,MRT,1.0,0.0,0.0,2.0,leave,526
75.0,1.0,MRT,0.0,75.0,0.0,0.0,stay,526
75.0,1.0,MRT,1.0,0.0,0.0,2.0,leave,527
75.0,1.0,MRT,0.0,75.0,5.0,0.0,stay,527
75.0,1.0,MRT,1.0,0.0,0.0,2.0,leave,528
75.0,1.0,MRT,0.0,75.0,10.0,0.0,stay,528
76.0,2.0,MRT,1.0,30.0,0.0,0.0,stay,529
76.0,2.0,MRT,0.0,0.0,0.0,2.0,leave,529
76.0,2.0,MRT,1.0,45.0,0.0,0.0,stay,530
76.0,2.0,MRT,0.0,0.0,0.0,2.0,leave,530
76.0,2.0,MRT,1.0,60.0,0.0,0.0,stay,531
76.0,2.0,MRT,0.0,0.0,0.0,2.0,leave,531
76.0,2.0,MRT,1.0,30.0,5.0,0.0,stay,532
76.0,2.0,MRT,0.0,0.0,0.0,2.0,leave,532
76.0,2.0,MRT,1.0,45.0,5.0,0.0,stay,533
76.0,2.0,MRT,0.0,0.0,0.0,2.0,leave,533
76.0,2.0,MRT,1.0,60.0,5.0,0.0,stay,534
76.0,2.0,MRT,0.0,0.0,0.0,2.0,leave,534
76.0,2.0,MRT,1.0,30.0,10.0,0.0,stay,535
76.0,2.0,MRT,0.0,0.0,0.0,2.0,leave,535
76.0,2.0,MRT,1.0,45.0,10.0,0.0,stay,536
76.0,2.0,MRT,0.0,0.0,0.0,2.0,leave,536
76.0,2.0,MRT,1.0,60.0,10.0,0.0,stay,537
76.0,2.0,MRT,0.0,0.0,0.0,2.0,leave,537
76.0,2.0,MRT,1.0,0.0,0.0,2.0,leave,538
76.0,2.0,MRT,0.0,75.0,0.0,0.0,stay,538
76.0,2.0,MRT,1.0,0.0,0.0,2.0,leave,539
76.0,2.0,MRT,0.0,75.0,5.0,0.0,stay,539
76.0,2.0,MRT,1.0,0.0,0.0,2.0,leave,540
76.0,2.0,MRT,0.0,75.0,10.0,0.0,stay,540
78.0,1.0,MRT,1.0,30.0,0.0,0.0,stay,541
78.0,1.0,MRT,0.0,0.0,0.0,2.0,leave,541
78.0,1.0,MRT,1.0,45.0,0.0,0.0,stay,542
78.0,1.0,MRT,0.0,0.0,0.0,2.0,leave,542
78.0,1.0,MRT,1.0,60.0,0.0,0.0,stay,543
78.0,1.0,MRT,0.0,0.0,0.0,2.0,leave,543
78.0,1.0,MRT,1.0,30.0,5.0,0.0,stay,544
78.0,1.0,MRT,0.0,0.0,0.0,2.0,leave,544
78.0,1.0,MRT,1.0,45.0,5.0,0.0,stay,545
78.0,1.0,MRT,0.0,0.0,0.0,2.0,leave,545
78.0,1.0,MRT,1.0,60.0,5.0,0.0,stay,546
78.0,1.0,MRT,0.0,0.0,0.0,2.0,leave,546
78.0,1.0,MRT,1.0,30.0,10.0,0.0,stay,547
78.0,1.0,MRT,0.0,0.0,0.0,2.0,leave,547
78.0,1.0,MRT,1.0,45.0,10.0,0.0,stay,548
78.0,1.0,MRT,0.0,0.0,0.0,2.0,leave,548
78.0,1.0,MRT,1.0,60.0,10.0,0.0,stay,549
78.0,1.0,MRT,0.0,0.0,0.0,2.0,leave,549
78.0,1.0,MRT,1.0,0.0,0.0,2.0,leave,550
78.0,1.0,MRT,0.0,75.0,0.0,0.0,stay,550
78.0,1.0,MRT,1.0,0.0,0.0,2.0,leave,551
78.0,1.0,MRT,0.0,75.0,5.0,0.0,stay,551
78.0,1.0,MRT,1.0,0.0,0.0,2.0,leave,552
78.0,1.0,MRT,0.0,75.0,10.0,0.0,stay,552
80.0,2.0,MRT,1.0,30.0,0.0,0.0,stay,553
80.0,2.0,MRT,0.0,0.0,0.0,2.0,leave,553
80.0,2.0,MRT,1.0,45.0,0.0,0.0,stay,554
80.0,2.0,MRT,0.0,0.0,0.0,2.0,leave,554
80.0,2.0,MRT,1.0,60.0,0.0,0.0,stay,555
80.0,2.0,MRT,0.0,0.0,0.0,2.0,leave,555
80.0,2.0,MRT,1.0,30.0,5.0,0.0,stay,556
80.0,2.0,MRT,0.0,0.0,0.0,2.0,leave,556
80.0,2.0,MRT,1.0,45.0,5.0,0.0,stay,557
80.0,2.0,MRT,0.0,0.0,0.0,2.0,leave,557
80.0,2.0,MRT,1.0,60.0,5.0,0.0,stay,558
80.0,2.0,MRT,0.0,0.0,0.0,2.0,leave,558
80.0,2.0,MRT,1.0,75.0,5.0,0.0,stay,559
80.0,2.0,MRT,0.0,0.0,0.0,2.0,leave,559
80.0,2.0,MRT,1.0,90.0,5.0,0.0,stay,560
80.0,2.0,MRT,0.0,0.0,0.0,2.0,leave,560
80.0,2.0,MRT,1.0,30.0,10.0,0.0,stay,561
80.0,2.0,MRT,0.0,0.0,0.0,2.0,leave,561
80.0,2.0,MRT,1.0,45.0,10.0,0.0,stay,562
80.0,2.0,MRT,0.0,0.0,0.0,2.0,leave,562
80.0,2.0,MRT,1.0,60.0,10.0,0.0,stay,563
80.0,2.0,MRT,0.0,0.0,0.0,2.0,leave,563
80.0,2.0,MRT,1.0,75.0,10.0,0.0,stay,564
80.0,2.0,MRT,0.0,0.0,0.0,2.0,leave,564
80.0,2.0,MRT,1.0,90.0,10.0,0.0,stay,565
80.0,2.0,MRT,0.0,0.0,0.0,2.0,leave,565
80.0,2.0,MRT,1.0,105.0,10.0,0.0,stay,566
80.0,2.0,MRT,0.0,0.0,0.0,2.0,leave,566
80.0,2.0,MRT,1.0,120.0,10.0,0.0,stay,567
80.0,2.0,MRT,0.0,0.0,0.0,2.0,leave,567
80.0,2.0,MRT,1.0,0.0,0.0,2.0,leave,568
80.0,2.0,MRT,0.0,75.0,0.0,0.0,stay,568
80.0,2.0,MRT,1.0,0.0,0.0,2.0,leave,569
80.0,2.0,MRT,0.0,105.0,5.0,0.0,stay,569
80.0,2.0,MRT,1.0,0.0,0.0,2.0,leave,570
80.0,2.0,MRT,0.0,135.0,10.0,0.0,stay,570
85.0,1.0,MRT,1.0,0.0,0.0,2.0,leave,571
85.0,1.0,MRT,0.0,60.0,0.0,0.0,stay,571
85.0,1.0,MRT,1.0,30.0,5.0,0.0,stay,572
85.0,1.0,MRT,0.0,0.0,0.0,2.0,leave,572
85.0,1.0,MRT,1.0,45.0,5.0,0.0,stay,573
85.0,1.0,MRT,0.0,0.0,0.0,2.0,leave,573
85.0,1.0,MRT,1.0,60.0,5.0,0.0,stay,574
85.0,1.0,MRT,0.0,0.0,0.0,2.0,leave,574
85.0,1.0,MRT,1.0,30.0,10.0,0.0,stay,575
85.0,1.0,MRT,0.0,0.0,0.0,2.0,leave,575
85.0,1.0,MRT,1.0,45.0,10.0,0.0,stay,576
85.0,1.0,MRT,0.0,0.0,0.0,2.0,leave,576
85.0,1.0,MRT,1.0,60.0,10.0,0.0,stay,577
85.0,1.0,MRT,0.0,0.0,0.0,2.0,leave,577
85.0,1.0,MRT,1.0,0.0,0.0,2.0,leave,578
85.0,1.0,MRT,0.0,75.0,5.0,0.0,stay,578
85.0,1.0,MRT,1.0,0.0,0.0,2.0,leave,579
85.0,1.0,MRT,0.0,75.0,10.0,0.0,stay,579
86.0,1.0,MRT,1.0,30.0,0.0,0.0,stay,580
86.0,1.0,MRT,0.0,0.0,0.0,2.0,leave,580
86.0,1.0,MRT,1.0,45.0,0.0,0.0,stay,581
86.0,1.0,MRT,0.0,0.0,0.0,2.0,leave,581
86.0,1.0,MRT,1.0,60.0,0.0,0.0,stay,582
86.0,1.0,MRT,0.0,0.0,0.0,2.0,leave,582
86.0,1.0,MRT,1.0,30.0,5.0,0.0,stay,583
86.0,1.0,MRT,0.0,0.0,0.0,2.0,leave,583
86.0,1.0,MRT,1.0,45.0,5.0,0.0,stay,584
86.0,1.0,MRT,0.0,0.0,0.0,2.0,leave,584
86.0,1.0,MRT,1.0,60.0,5.0,0.0,stay,585
86.0,1.0,MRT,0.0,0.0,0.0,2.0,leave,585
86.0,1.0,MRT,1.0,30.0,10.0,0.0,stay,586
86.0,1.0,MRT,0.0,0.0,0.0,2.0,leave,586
86.0,1.0,MRT,1.0,45.0,10.0,0.0,stay,587
86.0,1.0,MRT,0.0,0.0,0.0,2.0,leave,587
86.0,1.0,MRT,1.0,60.0,10.0,0.0,stay,588
86.0,1.0,MRT,0.0,0.0,0.0,2.0,leave,588
86.0,1.0,MRT,1.0,0.0,0.0,2.0,leave,589
86.0,1.0,MRT,0.0,75.0,0.0,0.0,stay,589
86.0,1.0,MRT,1.0,0.0,0.0,2.0,leave,590
86.0,1.0,MRT,0.0,75.0,5.0,0.0,stay,590
86.0,1.0,MRT,1.0,0.0,0.0,2.0,leave,591
86.0,1.0,MRT,0.0,75.0,10.0,0.0,stay,591
87.0,2.0,MRT,1.0,30.0,5.0,0.0,stay,592
87.0,2.0,MRT,0.0,0.0,0.0,2.0,leave,592
87.0,2.0,MRT,1.0,30.0,10.0,0.0,stay,593
87.0,2.0,MRT,0.0,0.0,0.0,2.0,leave,593
87.0,2.0,MRT,1.0,0.0,0.0,2.0,leave,594
87.0,2.0,MRT,0.0,30.0,0.0,0.0,stay,594
87.0,2.0,MRT,1.0,0.0,0.0,2.0,leave,595
87.0,2.0,MRT,0.0,45.0,5.0,0.0,stay,595
87.0,2.0,MRT,1.0,0.0,0.0,2.0,leave,596
87.0,2.0,MRT,0.0,45.0,10.0,0.0,stay,596
88.0,2.0,MRT,1.0,0.0,0.0,2.0,leave,597
88.0,2.0,MRT,0.0,30.0,10.0,0.0,stay,597
91.0,2.0,MRT,1.0,30.0,0.0,0.0,stay,598
91.0,2.0,MRT,0.0,0.0,0.0,2.0,leave,598
91.0,2.0,MRT,1.0,45.0,0.0,0.0,stay,599
91.0,2.0,MRT,0.0,0.0,0.0,2.0,leave,599
91.0,2.0,MRT,1.0,60.0,0.0,0.0,stay,600
91.0,2.0,MRT,0.0,0.0,0.0,2.0,leave,600
91.0,2.0,MRT,1.0,30.0,5.0,0.0,stay,601
91.0,2.0,MRT,0.0,0.0,0.0,2.0,leave,601
91.0,2.0,MRT,1.0,45.0,5.0,0.0,stay,602
91.0,2.0,MRT,0.0,0.0,0.0,2.0,leave,602
91.0,2.0,MRT,1.0,60.0,5.0,0.0,stay,603
91.0,2.0,MRT,0.0,0.0,0.0,2.0,leave,603
91.0,2.0,MRT,1.0,30.0,10.0,0.0,stay,604
91.0,2.0,MRT,0.0,0.0,0.0,2.0,leave,604
91.0,2.0,MRT,1.0,45.0,10.0,0.0,stay,605
91.0,2.0,MRT,0.0,0.0,0.0,2.0,leave,605
91.0,2.0,MRT,1.0,60.0,10.0,0.0,stay,606
91.0,2.0,MRT,0.0,0.0,0.0,2.0,leave,606
91.0,2.0,MRT,1.0,0.0,0.0,2.0,leave,607
91.0,2.0,MRT,0.0,75.0,0.0,0.0,stay,607
91.0,2.0,MRT,1.0,0.0,0.0,2.0,leave,608
91.0,2.0,MRT,0.0,75.0,5.0,0.0,stay,608
91.0,2.0,MRT,1.0,0.0,0.0,2.0,leave,609
91.0,2.0,MRT,0.0,75.0,10.0,0.0,stay,609
95.0,2.0,MRT,1.0,0.0,0.0,2.0,leave,610
95.0,2.0,MRT,0.0,120.0,0.0,0.0,stay,610
95.0,2.0,MRT,1.0,0.0,0.0,2.0,leave,611
95.0,2.0,MRT,0.0,120.0,5.0,0.0,stay,611
95.0,2.0,MRT,1.0,30.0,10.0,0.0,stay,612
95.0,2.0,MRT,0.0,0.0,0.0,2.0,leave,612
95.0,2.0,MRT,1.0,45.0,10.0,0.0,stay,613
95.0,2.0,MRT,0.0,0.0,0.0,2.0,leave,613
95.0,2.0,MRT,1.0,60.0,10.0,0.0,stay,614
95.0,2.0,MRT,0.0,0.0,0.0,2.0,leave,614
95.0,2.0,MRT,1.0,75.0,10.0,0.0,stay,615
95.0,2.0,MRT,0.0,0.0,0.0,2.0,leave,615
95.0,2.0,MRT,1.0,90.0,10.0,0.0,stay,616
95.0,2.0,MRT,0.0,0.0,0.0,2.0,leave,616
95.0,2.0,MRT,1.0,105.0,10.0,0.0,stay,617
95.0,2.0,MRT,0.0,0.0,0.0,2.0,leave,617
95.0,2.0,MRT,1.0,120.0,10.0,0.0,stay,618
95.0,2.0,MRT,0.0,0.0,0.0,2.0,leave,618
95.0,2.0,MRT,1.0,0.0,0.0,2.0,leave,619
95.0,2.0,MRT,0.0,135.0,10.0,0.0,stay,619
97.0,2.0,MRT,1.0,0.0,0.0,2.0,leave,620
97.0,2.0,MRT,0.0,30.0,10.0,0.0,stay,620
98.0,1.0,MRT,1.0,0.0,0.0,2.0,leave,621
98.0,1.0,MRT,0.0,30.0,10.0,0.0,stay,621
102.0,2.0,MRT,1.0,30.0,0.0,0.0,stay,622
102.0,2.0,MRT,0.0,0.0,0.0,2.0,leave,622
102.0,2.0,MRT,1.0,30.0,5.0,0.0,stay,623
102.0,2.0,MRT,0.0,0.0,0.0,2.0,leave,623
102.0,2.0,MRT,1.0,30.0,10.0,0.0,stay,624
102.0,2.0,MRT,0.0,0.0,0.0,2.0,leave,624
102.0,2.0,MRT,1.0,0.0,0.0,2.0,leave,625
102.0,2.0,MRT,0.0,45.0,0.0,0.0,stay,625
102.0,2.0,MRT,1.0,0.0,0.0,2.0,leave,626
102.0,2.0,MRT,0.0,45.0,5.0,0.0,stay,626
102.0,2.0,MRT,1.0,0.0,0.0,2.0,leave,627
102.0,2.0,MRT,0.0,45.0,10.0,0.0,stay,627
103.0,2.0,MRT,1.0,30.0,0.0,0.0,stay,628
103.0,2.0,MRT,0.0,0.0,0.0,2.0,leave,628
103.0,2.0,MRT,1.0,30.0,5.0,0.0,stay,629
103.0,2.0,MRT,0.0,0.0,0.0,2.0,leave,629
103.0,2.0,MRT,1.0,30.0,10.0,0.0,stay,630
103.0,2.0,MRT,0.0,0.0,0.0,2.0,leave,630
103.0,2.0,MRT,1.0,0.0,0.0,2.0,leave,631
103.0,2.0,MRT,0.0,45.0,0.0,0.0,stay,631
103.0,2.0,MRT,1.0,0.0,0.0,2.0,leave,632
103.0,2.0,MRT,0.0,45.0,5.0,0.0,stay,632
103.0,2.0,MRT,1.0,0.0,0.0,2.0,leave,633
103.0,2.0,MRT,0.0,45.0,10.0,0.0,stay,633
109.0,2.0,MRT,1.0,0.0,0.0,2.0,leave,634
109.0,2.0,MRT,0.0,30.0,10.0,0.0,stay,634
111.0,2.0,MRT,1.0,0.0,0.0,2.0,leave,635
111.0,2.0,MRT,0.0,60.0,0.0,0.0,stay,635
111.0,2.0,MRT,1.0,30.0,5.0,0.0,stay,636
111.0,2.0,MRT,0.0,0.0,0.0,2.0,leave,636
111.0,2.0,MRT,1.0,45.0,5.0,0.0,stay,637
111.0,2.0,MRT,0.0,0.0,0.0,2.0,leave,637
111.0,2.0,MRT,1.0,60.0,5.0,0.0,stay,638
111.0,2.0,MRT,0.0,0.0,0.0,2.0,leave,638
111.0,2.0,MRT,1.0,30.0,10.0,0.0,stay,639
111.0,2.0,MRT,0.0,0.0,0.0,2.0,leave,639
111.0,2.0,MRT,1.0,45.0,10.0,0.0,stay,640
111.0,2.0,MRT,0.0,0.0,0.0,2.0,leave,640
111.0,2.0,MRT,1.0,60.0,10.0,0.0,stay,641
111.0,2.0,MRT,0.0,0.0,0.0,2.0,leave,641
111.0,2.0,MRT,1.0,0.0,0.0,2.0,leave,642
111.0,2.0,MRT,0.0,75.0,5.0,0.0,stay,642
111.0,2.0,MRT,1.0,0.0,0.0,2.0,leave,643
111.0,2.0,MRT,0.0,75.0,10.0,0.0,stay,643
115.0,2.0,MRT,1.0,0.0,0.0,2.0,leave,644
115.0,2.0,MRT,0.0,30.0,10.0,0.0,stay,644
116.0,2.0,MRT,1.0,0.0,0.0,2.0,leave,645
116.0,2.0,MRT,0.0,30.0,0.0,0.0,stay,645
116.0,2.0,MRT,1.0,30.0,5.0,0.0,stay,646
116.0,2.0,MRT,0.0,0.0,0.0,2.0,leave,646
116.0,2.0,MRT,1.0,30.0,10.0,0.0,stay,647
116.0,2.0,MRT,0.0,0.0,0.0,2.0,leave,647
116.0,2.0,MRT,1.0,45.0,10.0,0.0,stay,648
116.0,2.0,MRT,0.0,0.0,0.0,2.0,leave,648
116.0,2.0,MRT,1.0,0.0,0.0,2.0,leave,649
116.0,2.0,MRT,0.0,45.0,5.0,0.0,stay,649
116.0,2.0,MRT,1.0,0.0,0.0,2.0,leave,650
116.0,2.0,MRT,0.0,60.0,10.0,0.0,stay,650
117.0,2.0,MRT,1.0,0.0,0.0,2.0,leave,651
117.0,2.0,MRT,0.0,60.0,0.0,0.0,stay,651
117.0,2.0,MRT,1.0,0.0,0.0,2.0,leave,652
117.0,2.0,MRT,0.0,60.0,5.0,0.0,stay,652
117.0,2.0,MRT,1.0,30.0,10.0,0.0,stay,653
117.0,2.0,MRT,0.0,0.0,0.0,2.0,leave,653
117.0,2.0,MRT,1.0,45.0,10.0,0.0,stay,654
117.0,2.0,MRT,0.0,0.0,0.0,2.0,leave,654
117.0,2.0,MRT,1.0,60.0,10.0,0.0,stay,655
117.0,2.0,MRT,0.0,0.0,0.0,2.0,leave,655
117.0,2.0,MRT,1.0,0.0,0.0,2.0,leave,656
117.0,2.0,MRT,0.0,75.0,10.0,0.0,stay,656
118.0,2.0,MRT,1.0,0.0,0.0,2.0,leave,657
118.0,2.0,MRT,0.0,30.0,0.0,0.0,stay,657
118.0,2.0,MRT,1.0,30.0,5.0,0.0,stay,658
118.0,2.0,MRT,0.0,0.0,0.0,2.0,leave,658
118.0,2.0,MRT,1.0,30.0,10.0,0.0,stay,659
118.0,2.0,MRT,0.0,0.0,0.0,2.0,leave,659
118.0,2.0,MRT,1.0,45.0,10.0,0.0,stay,660
118.0,2.0,MRT,0.0,0.0,0.0,2.0,leave,660
118.0,2.0,MRT,1.0,60.0,10.0,0.0,stay,661
118.0,2.0,MRT,0.0,0.0,0.0,2.0,leave,661
118.0,2.0,MRT,1.0,0.0,0.0,2.0,leave,662
118.0,2.0,MRT,0.0,45.0,5.0,0.0,stay,662
118.0,2.0,MRT,1.0,0.0,0.0,2.0,leave,663
118.0,2.0,MRT,0.0,75.0,10.0,0.0,stay,663
119.0,2.0,MRT,1.0,0.0,0.0,2.0,leave,664
119.0,2.0,MRT,0.0,30.0,10.0,0.0,stay,664
121.0,1.0,MRT,1.0,0.0,0.0,2.0,leave,665
121.0,1.0,MRT,0.0,30.0,10.0,0.0,stay,665
122.0,2.0,MRT,1.0,0.0,0.0,2.0,leave,666
122.0,2.0,MRT,0.0,15.0,0.0,0.0,stay,666
122.0,2.0,MRT,1.0,0.0,0.0,2.0,leave,667
122.0,2.0,MRT,0.0,15.0,5.0,0.0,stay,667
122.0,2.0,MRT,1.0,0.0,0.0,2.0,leave,668
122.0,2.0,MRT,0.0,30.0,10.0,0.0,stay,668
124.0,2.0,MRT,1.0,0.0,0.0,2.0,leave,669
124.0,2.0,MRT,0.0,60.0,0.0,0.0,stay,669
124.0,2.0,MRT,1.0,30.0,5.0,0.0,stay,670
124.0,2.0,MRT,0.0,0.0,0.0,2.0,leave,670
124.0,2.0,MRT,1.0,45.0,5.0,0.0,stay,671
124.0,2.0,MRT,0.0,0.0,0.0,2.0,leave,671
124.0,2.0,MRT,1.0,60.0,5.0,0.0,stay,672
124.0,2.0,MRT,0.0,0.0,0.0,2.0,leave,672
124.0,2.0,MRT,1.0,30.0,10.0,0.0,stay,673
124.0,2.0,MRT,0.0,0.0,0.0,2.0,leave,673
124.0,2.0,MRT,1.0,45.0,10.0,0.0,stay,674
124.0,2.0,MRT,0.0,0.0,0.0,2.0,leave,674
124.0,2.0,MRT,1.0,60.0,10.0,0.0,stay,675
124.0,2.0,MRT,0.0,0.0,0.0,2.0,leave,675
124.0,2.0,MRT,1.0,0.0,0.0,2.0,leave,676
124.0,2.0,MRT,0.0,75.0,5.0,0.0,stay,676
124.0,2.0,MRT,1.0,0.0,0.0,2.0,leave,677
124.0,2.0,MRT,0.0,75.0,10.0,0.0,stay,677
125.0,2.0,MRT,1.0,0.0,0.0,2.0,leave,678
125.0,2.0,MRT,0.0,60.0,0.0,0.0,stay,678
125.0,2.0,MRT,1.0,30.0,5.0,0.0,stay,679
125.0,2.0,MRT,0.0,0.0,0.0,2.0,leave,679
125.0,2.0,MRT,1.0,45.0,5.0,0.0,stay,680
125.0,2.0,MRT,0.0,0.0,0.0,2.0,leave,680
125.0,2.0,MRT,1.0,60.0,5.0,0.0,stay,681
125.0,2.0,MRT,0.0,0.0,0.0,2.0,leave,681
125.0,2.0,MRT,1.0,30.0,10.0,0.0,stay,682
125.0,2.0,MRT,0.0,0.0,0.0,2.0,leave,682
125.0,2.0,MRT,1.0,45.0,10.0,0.0,stay,683
125.0,2.0,MRT,0.0,0.0,0.0,2.0,leave,683
125.0,2.0,MRT,1.0,60.0,10.0,0.0,stay,684
125.0,2.0,MRT,0.0,0.0,0.0,2.0,leave,684
125.0,2.0,MRT,1.0,0.0,0.0,2.0,leave,685
125.0,2.0,MRT,0.0,75.0,5.0,0.0,stay,685
125.0,2.0,MRT,1.0,0.0,0.0,2.0,leave,686
125.0,2.0,MRT,0.0,75.0,10.0,0.0,stay,686
127.0,2.0,MRT,1.0,0.0,0.0,2.0,leave,687
127.0,2.0,MRT,0.0,30.0,0.0,0.0,stay,687
127.0,2.0,MRT,1.0,30.0,5.0,0.0,stay,688
127.0,2.0,MRT,0.0,0.0,0.0,2.0,leave,688
127.0,2.0,MRT,1.0,30.0,10.0,0.0,stay,689
127.0,2.0,MRT,0.0,0.0,0.0,2.0,leave,689
127.0,2.0,MRT,1.0,45.0,10.0,0.0,stay,690
127.0,2.0,MRT,0.0,0.0,0.0,2.0,leave,690
127.0,2.0,MRT,1.0,0.0,0.0,2.0,leave,691
127.0,2.0,MRT,0.0,45.0,5.0,0.0,stay,691
127.0,2.0,MRT,1.0,0.0,0.0,2.0,leave,692
127.0,2.0,MRT,0.0,60.0,10.0,0.0,stay,692
129.0,2.0,MRT,1.0,0.0,0.0,2.0,leave,693
129.0,2.0,MRT,0.0,30.0,10.0,0.0,stay,693
133.0,1.0,MRT,1.0,0.0,0.0,2.0,leave,694
133.0,1.0,MRT,0.0,30.0,10.0,0.0,stay,694
140.0,1.0,MRT,1.0,0.0,0.0,2.0,leave,695
140.0,1.0,MRT,0.0,30.0,10.0,0.0,stay,695
141.0,2.0,MRT,1.0,30.0,5.0,0.0,stay,696
141.0,2.0,MRT,0.0,0.0,0.0,2.0,leave,696
141.0,2.0,MRT,1.0,30.0,10.0,0.0,stay,697
141.0,2.0,MRT,0.0,0.0,0.0,2.0,leave,697
141.0,2.0,MRT,1.0,0.0,0.0,2.0,leave,698
141.0,2.0,MRT,0.0,30.0,0.0,0.0,stay,698
141.0,2.0,MRT,1.0,0.0,0.0,2.0,leave,699
141.0,2.0,MRT,0.0,45.0,5.0,0.0,stay,699
141.0,2.0,MRT,1.0,0.0,0.0,2.0,leave,700
141.0,2.0,MRT,0.0,45.0,10.0,0.0,stay,700
144.0,1.0,MRT,1.0,0.0,0.0,2.0,leave,701
144.0,1.0,MRT,0.0,30.0,10.0,0.0,stay,701
145.0,2.0,MRT,1.0,0.0,0.0,2.0,leave,702
145.0,2.0,MRT,0.0,60.0,0.0,0.0,stay,702
145.0,2.0,MRT,1.0,0.0,0.0,2.0,leave,703
145.0,2.0,MRT,0.0,60.0,5.0,0.0,stay,703
145.0,2.0,MRT,1.0,30.0,10.0,0.0,stay,704
145.0,2.0,MRT,0.0,0.0,0.0,2.0,leave,704
145.0,2.0,MRT,1.0,45.0,10.0,0.0,stay,705
145.0,2.0,MRT,0.0,0.0,0.0,2.0,leave,705
145.0,2.0,MRT,1.0,60.0,10.0,0.0,stay,706
145.0,2.0,MRT,0.0,0.0,0.0,2.0,leave,706
145.0,2.0,MRT,1.0,0.0,0.0,2.0,leave,707
145.0,2.0,MRT,0.0,75.0,10.0,0.0,stay,707
147.0,1.0,MRT,1.0,30.0,0.0,0.0,stay,708
147.0,1.0,MRT,0.0,0.0,0.0,2.0,leave,708
147.0,1.0,MRT,1.0,30.0,5.0,0.0,stay,709
147.0,1.0,MRT,0.0,0.0,0.0,2.0,leave,709
147.0,1.0,MRT,1.0,30.0,10.0,0.0,stay,710
147.0,1.0,MRT,0.0,0.0,0.0,2.0,leave,710
147.0,1.0,MRT,1.0,45.0,10.0,0.0,stay,711
147.0,1.0,MRT,0.0,0.0,0.0,2.0,leave,711
147.0,1.0,MRT,1.0,60.0,10.0,0.0,stay,712
147.0,1.0,MRT,0.0,0.0,0.0,2.0,leave,712
147.0,1.0,MRT,1.0,0.0,0.0,2.0,leave,713
147.0,1.0,MRT,0.0,45.0,0.0,0.0,stay,713
147.0,1.0,MRT,1.0,0.0,0.0,2.0,leave,714
147.0,1.0,MRT,0.0,45.0,5.0,0.0,stay,714
147.0,1.0,MRT,1.0,0.0,0.0,2.0,leave,715
147.0,1.0,MRT,0.0,75.0,10.0,0.0,stay,715
152.0,1.0,MRT,1.0,30.0,0.0,0.0,stay,716
152.0,1.0,MRT,0.0,0.0,0.0,2.0,leave,716
152.0,1.0,MRT,1.0,45.0,0.0,0.0,stay,717
152.0,1.0,MRT,0.0,0.0,0.0,2.0,leave,717
152.0,1.0,MRT,1.0,60.0,0.0,0.0,stay,718
152.0,1.0,MRT,0.0,0.0,0.0,2.0,leave,718
152.0,1.0,MRT,1.0,30.0,5.0,0.0,stay,719
152.0,1.0,MRT,0.0,0.0,0.0,2.0,leave,719
152.0,1.0,MRT,1.0,45.0,5.0,0.0,stay,720
152.0,1.0,MRT,0.0,0.0,0.0,2.0,leave,720
152.0,1.0,MRT,1.0,60.0,5.0,0.0,stay,721
152.0,1.0,MRT,0.0,0.0,0.0,2.0,leave,721
152.0,1.0,MRT,1.0,30.0,10.0,0.0,stay,722
152.0,1.0,MRT,0.0,0.0,0.0,2.0,leave,722
152.0,1.0,MRT,1.0,45.0,10.0,0.0,stay,723
152.0,1.0,MRT,0.0,0.0,0.0,2.0,leave,723
152.0,1.0,MRT,1.0,60.0,10.0,0.0,stay,724
152.0,1.0,MRT,0.0,0.0,0.0,2.0,leave,724
152.0,1.0,MRT,1.0,0.0,0.0,2.0,leave,725
152.0,1.0,MRT,0.0,75.0,0.0,0.0,stay,725
152.0,1.0,MRT,1.0,0.0,0.0,2.0,leave,726
152.0,1.0,MRT,0.0,75.0,5.0,0.0,stay,726
152.0,1.0,MRT,1.0,0.0,0.0,2.0,leave,727
152.0,1.0,MRT,0.0,75.0,10.0,0.0,stay,727
156.0,1.0,MRT,1.0,0.0,0.0,2.0,leave,728
156.0,1.0,MRT,0.0,30.0,0.0,0.0,stay,728
156.0,1.0,MRT,1.0,30.0,5.0,0.0,stay,729
156.0,1.0,MRT,0.0,0.0,0.0,2.0,leave,729
156.0,1.0,MRT,1.0,30.0,10.0,0.0,stay,730
156.0,1.0,MRT,0.0,0.0,0.0,2.0,leave,730
156.0,1.0,MRT,1.0,45.0,10.0,0.0,stay,731
156.0,1.0,MRT,0.0,0.0,0.0,2.0,leave,731
156.0,1.0,MRT,1.0,60.0,10.0,0.0,stay,732
156.0,1.0,MRT,0.0,0.0,0.0,2.0,leave,732
156.0,1.0,MRT,1.0,0.0,0.0,2.0,leave,733
156.0,1.0,MRT,0.0,45.0,5.0,0.0,stay,733
156.0,1.0,MRT,1.0,0.0,0.0,2.0,leave,734
156.0,1.0,MRT,0.0,75.0,10.0,0.0,stay,734
158.0,2.0,MRT,1.0,0.0,0.0,2.0,leave,735
158.0,2.0,MRT,0.0,30.0,10.0,0.0,stay,735
160.0,1.0,MRT,1.0,0.0,0.0,2.0,leave,736
160.0,1.0,MRT,0.0,30.0,10.0,0.0,stay,736
167.0,2.0,MRT,1.0,0.0,0.0,2.0,leave,737
167.0,2.0,MRT,0.0,60.0,0.0,0.0,stay,737
167.0,2.0,MRT,1.0,0.0,0.0,2.0,leave,738
167.0,2.0,MRT,0.0,60.0,5.0,0.0,stay,738
167.0,2.0,MRT,1.0,30.0,10.0,0.0,stay,739
167.0,2.0,MRT,0.0,0.0,0.0,2.0,leave,739
167.0,2.0,MRT,1.0,45.0,10.0,0.0,stay,740
167.0,2.0,MRT,0.0,0.0,0.0,2.0,leave,740
167.0,2.0,MRT,1.0,60.0,10.0,0.0,stay,741
167.0,2.0,MRT,0.0,0.0,0.0,2.0,leave,741
167.0,2.0,MRT,1.0,0.0,0.0,2.0,leave,742
167.0,2.0,MRT,0.0,75.0,10.0,0.0,stay,742
170.0,2.0,MRT,1.0,0.0,0.0,2.0,leave,743
170.0,2.0,MRT,0.0,30.0,10.0,0.0,stay,743
173.0,2.0,MRT,1.0,0.0,0.0,2.0,leave,744
173.0,2.0,MRT,0.0,30.0,10.0,0.0,stay,744
174.0,2.0,MRT,1.0,30.0,0.0,0.0,stay,745
174.0,2.0,MRT,0.0,0.0,0.0,2.0,leave,745
174.0,2.0,MRT,1.0,45.0,0.0,0.0,stay,746
174.0,2.0,MRT,0.0,0.0,0.0,2.0,leave,746
174.0,2.0,MRT,1.0,60.0,0.0,0.0,stay,747
174.0,2.0,MRT,0.0,0.0,0.0,2.0,leave,747
174.0,2.0,MRT,1.0,30.0,5.0,0.0,stay,748
174.0,2.0,MRT,0.0,0.0,0.0,2.0,leave,748
174.0,2.0,MRT,1.0,45.0,5.0,0.0,stay,749
174.0,2.0,MRT,0.0,0.0,0.0,2.0,leave,749
174.0,2.0,MRT,1.0,60.0,5.0,0.0,stay,750
174.0,2.0,MRT,0.0,0.0,0.0,2.0,leave,750
174.0,2.0,MRT,1.0,30.0,10.0,0.0,stay,751
174.0,2.0,MRT,0.0,0.0,0.0,2.0,leave,751
174.0,2.0,MRT,1.0,45.0,10.0,0.0,stay,752
174.0,2.0,MRT,0.0,0.0,0.0,2.0,leave,752
174.0,2.0,MRT,1.0,60.0,10.0,0.0,stay,753
174.0,2.0,MRT,0.0,0.0,0.0,2.0,leave,753
174.0,2.0,MRT,1.0,0.0,0.0,2.0,leave,754
174.0,2.0,MRT,0.0,75.0,0.0,0.0,stay,754
174.0,2.0,MRT,1.0,0.0,0.0,2.0,leave,755
174.0,2.0,MRT,0.0,75.0,5.0,0.0,stay,755
174.0,2.0,MRT,1.0,0.0,0.0,2.0,leave,756
174.0,2.0,MRT,0.0,75.0,10.0,0.0,stay,756
177.0,2.0,MRT,1.0,30.0,0.0,0.0,stay,757
177.0,2.0,MRT,0.0,0.0,0.0,2.0,leave,757
177.0,2.0,MRT,1.0,45.0,0.0,0.0,stay,758
177.0,2.0,MRT,0.0,0.0,0.0,2.0,leave,758
177.0,2.0,MRT,1.0,60.0,0.0,0.0,stay,759
177.0,2.0,MRT,0.0,0.0,0.0,2.0,leave,759
177.0,2.0,MRT,1.0,30.0,5.0,0.0,stay,760
177.0,2.0,MRT,0.0,0.0,0.0,2.0,leave,760
177.0,2.0,MRT,1.0,45.0,5.0,0.0,stay,761
177.0,2.0,MRT,0.0,0.0,0.0,2.0,leave,761
177.0,2.0,MRT,1.0,60.0,5.0,0.0,stay,762
177.0,2.0,MRT,0.0,0.0,0.0,2.0,leave,762
177.0,2.0,MRT,1.0,30.0,10.0,0.0,stay,763
177.0,2.0,MRT,0.0,0.0,0.0,2.0,leave,763
177.0,2.0,MRT,1.0,45.0,10.0,0.0,stay,764
177.0,2.0,MRT,0.0,0.0,0.0,2.0,leave,764
177.0,2.0,MRT,1.0,60.0,10.0,0.0,stay,765
177.0,2.0,MRT,0.0,0.0,0.0,2.0,leave,765
177.0,2.0,MRT,1.0,75.0,10.0,0.0,stay,766
177.0,2.0,MRT,0.0,0.0,0.0,2.0,leave,766
177.0,2.0,MRT,1.0,90.0,10.0,0.0,stay,767
177.0,2.0,MRT,0.0,0.0,0.0,2.0,leave,767
177.0,2.0,MRT,1.0,0.0,0.0,2.0,leave,768
177.0,2.0,MRT,0.0,75.0,0.0,0.0,stay,768
177.0,2.0,MRT,1.0,0.0,0.0,2.0,leave,769
177.0,2.0,MRT,0.0,75.0,5.0,0.0,stay,769
177.0,2.0,MRT,1.0,0.0,0.0,2.0,leave,770
177.0,2.0,MRT,0.0,105.0,10.0,0.0,stay,770
178.0,2.0,MRT,1.0,0.0,0.0,2.0,leave,771
178.0,2.0,MRT,0.0,30.0,10.0,0.0,stay,771
180.0,2.0,MRT,1.0,0.0,0.0,2.0,leave,772
180.0,2.0,MRT,0.0,15.0,0.0,0.0,stay,772
180.0,2.0,MRT,1.0,30.0,10.0,0.0,stay,773
180.0,2.0,MRT,0.0,0.0,0.0,2.0,leave,773
180.0,2.0,MRT,1.0,0.0,0.0,2.0,leave,774
180.0,2.0,MRT,0.0,30.0,5.0,0.0,stay,774
180.0,2.0,MRT,1.0,0.0,0.0,2.0,leave,775
180.0,2.0,MRT,0.0,45.0,10.0,0.0,stay,775
183.0,1.0,MRT,1.0,0.0,0.0,2.0,leave,776
183.0,1.0,MRT,0.0,60.0,0.0,0.0,stay,776
183.0,1.0,MRT,1.0,0.0,0.0,2.0,leave,777
183.0,1.0,MRT,0.0,60.0,5.0,0.0,stay,777
183.0,1.0,MRT,1.0,30.0,10.0,0.0,stay,778
183.0,1.0,MRT,0.0,0.0,0.0,2.0,leave,778
183.0,1.0,MRT,1.0,45.0,10.0,0.0,stay,779
183.0,1.0,MRT,0.0,0.0,0.0,2.0,leave,779
183.0,1.0,MRT,1.0,60.0,10.0,0.0,stay,780
183.0,1.0,MRT,0.0,0.0,0.0,2.0,leave,780
183.0,1.0,MRT,1.0,0.0,0.0,2.0,leave,781
183.0,1.0,MRT,0.0,75.0,10.0,0.0,stay,781
185.0,2.0,MRT,1.0,30.0,5.0,0.0,stay,782
185.0,2.0,MRT,0.0,0.0,0.0,2.0,leave,782
185.0,2.0,MRT,1.0,30.0,10.0,0.0,stay,783
185.0,2.0,MRT,0.0,0.0,0.0,2.0,leave,783
185.0,2.0,MRT,1.0,0.0,0.0,2.0,leave,784
185.0,2.0,MRT,0.0,30.0,0.0,0.0,stay,784
185.0,2.0,MRT,1.0,0.0,0.0,2.0,leave,785
185.0,2.0,MRT,0.0,45.0,5.0,0.0,stay,785
185.0,2.0,MRT,1.0,0.0,0.0,2.0,leave,786
185.0,2.0,MRT,0.0,45.0,10.0,0.0,stay,786
188.0,2.0,MRT,1.0,0.0,0.0,2.0,leave,787
188.0,2.0,MRT,0.0,30.0,0.0,0.0,stay,787
188.0,2.0,MRT,1.0,30.0,5.0,0.0,stay,788
188.0,2.0,MRT,0.0,0.0,0.0,2.0,leave,788
188.0,2.0,MRT,1.0,30.0,10.0,0.0,stay,789
188.0,2.0,MRT,0.0,0.0,0.0,2.0,leave,789
188.0,2.0,MRT,1.0,45.0,10.0,0.0,stay,790
188.0,2.0,MRT,0.0,0.0,0.0,2.0,leave,790
188.0,2.0,MRT,1.0,0.0,0.0,2.0,leave,791
188.0,2.0,MRT,0.0,45.0,5.0,0.0,stay,791
188.0,2.0,MRT,1.0,0.0,0.0,2.0,leave,792
188.0,2.0,MRT,0.0,60.0,10.0,0.0,stay,792
198.0,1.0,MRT,1.0,0.0,0.0,2.0,leave,793
198.0,1.0,MRT,0.0,60.0,0.0,0.0,stay,793
198.0,1.0,MRT,1.0,0.0,0.0,2.0,leave,794
198.0,1.0,MRT,0.0,60.0,5.0,0.0,stay,794
198.0,1.0,MRT,1.0,30.0,10.0,0.0,stay,795
198.0,1.0,MRT,0.0,0.0,0.0,2.0,leave,795
198.0,1.0,MRT,1.0,45.0,10.0,0.0,stay,796
198.0,1.0,MRT,0.0,0.0,0.0,2.0,leave,796
198.0,1.0,MRT,1.0,60.0,10.0,0.0,stay,797
198.0,1.0,MRT,0.0,0.0,0.0,2.0,leave,797
198.0,1.0,MRT,1.0,0.0,0.0,2.0,leave,798
198.0,1.0,MRT,0.0,75.0,10.0,0.0,stay,798
199.0,2.0,MRT,1.0,30.0,0.0,0.0,stay,799
199.0,2.0,MRT,0.0,0.0,0.0,2.0,leave,799
199.0,2.0,MRT,1.0,30.0,5.0,0.0,stay,800
199.0,2.0,MRT,0.0,0.0,0.0,2.0,leave,800
199.0,2.0,MRT,1.0,45.0,5.0,0.0,stay,801
199.0,2.0,MRT,0.0,0.0,0.0,2.0,leave,801
199.0,2.0,MRT,1.0,30.0,10.0,0.0,stay,802
199.0,2.0,MRT,0.0,0.0,0.0,2.0,leave,802
199.0,2.0,MRT,1.0,45.0,10.0,0.0,stay,803
199.0,2.0,MRT,0.0,0.0,0.0,2.0,leave,803
199.0,2.0,MRT,1.0,0.0,0.0,2.0,leave,804
199.0,2.0,MRT,0.0,45.0,0.0,0.0,stay,804
199.0,2.0,MRT,1.0,0.0,0.0,2.0,leave,805
199.0,2.0,MRT,0.0,60.0,5.0,0.0,stay,805
199.0,2.0,MRT,1.0,0.0,0.0,2.0,leave,806
199.0,2.0,MRT,0.0,60.0,10.0,0.0,stay,806
